Workbook

Sheet WILAYAH
A1: REKAP EVALUASI HANDBOOK OPERASIONAL SID PER WILAYAH
B2: Data per tanggal | C2: =IFERROR(MAX(DATA!$B$2:$B$1001),"") -> 46314.354
A4: No | B4: Uraian | C4: Jumlah | I4: Persentase | N4: Prioritas | O4: Tindak Lanjut
C5: Jawa Barat | D5: Jawa Tengah | E5: Jawa Timur | F5: Luar Pulau | G5: Total | I5: Jawa Barat | J5: Jawa Tengah | K5: Jawa Timur | L5: Luar Pulau | M5: Total
B6: Partisipasi
A7: 1 | B7: Jumlah pegawai | C7: =SUMIF(PROGRES!$A$2:$A$92,C$5,PROGRES!$C$2:$C$92) -> 99 | D7: =SUMIF(PROGRES!$A$2:$A$92,D$5,PROGRES!$C$2:$C$92) -> 158 | E7: =SUMIF(PROGRES!$A$2:$A$92,E$5,PROGRES!$C$2:$C$92) -> 215 | F7: =SUMIF(PROGRES!$A$2:$A$92,F$5,PROGRES!$C$2:$C$92) -> 40 | G7: =SUM(C7:F7) -> 512
A8: 2 | B8: Jumlah yang mengisi | C8: =COUNTIF(DATA!$F$2:$F$1001,C$5) -> 48 | D8: =COUNTIF(DATA!$F$2:$F$1001,D$5) -> 92 | E8: =COUNTIF(DATA!$F$2:$F$1001,E$5) -> 64 | F8: =COUNTIF(DATA!$F$2:$F$1001,F$5) -> 38 | G8: =COUNT(DATA!$A$2:$A$1001) -> 242 | I8: =IFERROR(C8/C$7,0) -> 0.48484848 | J8: =IFERROR(D8/D$7,0) -> 0.58227848 | K8: =IFERROR(E8/E$7,0) -> 0.29767442 | L8: =IFERROR(F8/F$7,0) -> 0.95 | M8: =IFERROR(G8/G$7,0) -> 0.47265625
A9: 3 | B9: Jumlah orang (NIK unik) | C9: =SUMIFS(DATA!$T$2:$T$1001,DATA!$F$2:$F$1001,C$5) -> 48 | D9: =SUMIFS(DATA!$T$2:$T$1001,DATA!$F$2:$F$1001,D$5) -> 90 | E9: =SUMIFS(DATA!$T$2:$T$1001,DATA!$F$2:$F$1001,E$5) -> 63 | F9: =SUMIFS(DATA!$T$2:$T$1001,DATA!$F$2:$F$1001,F$5) -> 36 | G9: =SUM(DATA!$T$2:$T$1001) -> 237
A10: 4 | B10: BM | C10: =COUNTIFS(DATA!$F$2:$F$1001,C$5,DATA!$H$2:$H$1001,"BM") -> 11 | D10: =COUNTIFS(DATA!$F$2:$F$1001,D$5,DATA!$H$2:$H$1001,"BM") -> 22 | E10: =COUNTIFS(DATA!$F$2:$F$1001,E$5,DATA!$H$2:$H$1001,"BM") -> 14 | F10: =COUNTIFS(DATA!$F$2:$F$1001,F$5,DATA!$H$2:$H$1001,"BM") -> 9 | G10: =COUNTIF(DATA!$H$2:$H$1001,"BM") -> 56 | I10: =IFERROR(C10/C$8,0) -> 0.22916667 | J10: =IFERROR(D10/D$8,0) -> 0.23913043 | K10: =IFERROR(E10/E$8,0) -> 0.21875 | L10: =IFERROR(F10/F$8,0) -> 0.23684211 | M10: =IFERROR(G10/G$8,0) -> 0.23140496
A11: 5 | B11: CRO | C11: =COUNTIFS(DATA!$F$2:$F$1001,C$5,DATA!$H$2:$H$1001,"CRO") -> 29 | D11: =COUNTIFS(DATA!$F$2:$F$1001,D$5,DATA!$H$2:$H$1001,"CRO") -> 50 | E11: =COUNTIFS(DATA!$F$2:$F$1001,E$5,DATA!$H$2:$H$1001,"CRO") -> 34 | F11: =COUNTIFS(DATA!$F$2:$F$1001,F$5,DATA!$H$2:$H$1001,"CRO") -> 20 | G11: =COUNTIF(DATA!$H$2:$H$1001,"CRO") -> 133 | I11: =IFERROR(C11/C$8,0) -> 0.60416667 | J11: =IFERROR(D11/D$8,0) -> 0.54347826 | K11: =IFERROR(E11/E$8,0) -> 0.53125 | L11: =IFERROR(F11/F$8,0) -> 0.52631579 | M11: =IFERROR(G11/G$8,0) -> 0.54958678
A12: 6 | B12: BAO | C12: =COUNTIFS(DATA!$F$2:$F$1001,C$5,DATA!$H$2:$H$1001,"BAO") -> 8 | D12: =COUNTIFS(DATA!$F$2:$F$1001,D$5,DATA!$H$2:$H$1001,"BAO") -> 20 | E12: =COUNTIFS(DATA!$F$2:$F$1001,E$5,DATA!$H$2:$H$1001,"BAO") -> 16 | F12: =COUNTIFS(DATA!$F$2:$F$1001,F$5,DATA!$H$2:$H$1001,"BAO") -> 9 | G12: =COUNTIF(DATA!$H$2:$H$1001,"BAO") -> 53 | I12: =IFERROR(C12/C$8,0) -> 0.16666667 | J12: =IFERROR(D12/D$8,0) -> 0.2173913 | K12: =IFERROR(E12/E$8,0) -> 0.25 | L12: =IFERROR(F12/F$8,0) -> 0.23684211 | M12: =IFERROR(G12/G$8,0) -> 0.21900826
B13: Navigasi & struktur menu
A14: 7 | B14: Mudah | C14: =COUNTIFS(DATA!$F$2:$F$1001,C$5,DATA!$I$2:$I$1001,"MUDAH") -> 33 | D14: =COUNTIFS(DATA!$F$2:$F$1001,D$5,DATA!$I$2:$I$1001,"MUDAH") -> 49 | E14: =COUNTIFS(DATA!$F$2:$F$1001,E$5,DATA!$I$2:$I$1001,"MUDAH") -> 42 | F14: =COUNTIFS(DATA!$F$2:$F$1001,F$5,DATA!$I$2:$I$1001,"MUDAH") -> 29 | G14: =COUNTIF(DATA!$I$2:$I$1001,"MUDAH") -> 153 | I14: =IFERROR(C14/C$8,0) -> 0.6875 | J14: =IFERROR(D14/D$8,0) -> 0.5326087 | K14: =IFERROR(E14/E$8,0) -> 0.65625 | L14: =IFERROR(F14/F$8,0) -> 0.76315789 | M14: =IFERROR(G14/G$8,0) -> 0.6322314
A15: 8 | B15: Cukup | C15: =COUNTIFS(DATA!$F$2:$F$1001,C$5,DATA!$I$2:$I$1001,"CUKUP") -> 14 | D15: =COUNTIFS(DATA!$F$2:$F$1001,D$5,DATA!$I$2:$I$1001,"CUKUP") -> 43 | E15: =COUNTIFS(DATA!$F$2:$F$1001,E$5,DATA!$I$2:$I$1001,"CUKUP") -> 22 | F15: =COUNTIFS(DATA!$F$2:$F$1001,F$5,DATA!$I$2:$I$1001,"CUKUP") -> 9 | G15: =COUNTIF(DATA!$I$2:$I$1001,"CUKUP") -> 88 | I15: =IFERROR(C15/C$8,0) -> 0.29166667 | J15: =IFERROR(D15/D$8,0) -> 0.4673913 | K15: =IFERROR(E15/E$8,0) -> 0.34375 | L15: =IFERROR(F15/F$8,0) -> 0.23684211 | M15: =IFERROR(G15/G$8,0) -> 0.36363636
A16: 9 | B16: Sulit | C16: =COUNTIFS(DATA!$F$2:$F$1001,C$5,DATA!$I$2:$I$1001,"SULIT") -> 1 | D16: =COUNTIFS(DATA!$F$2:$F$1001,D$5,DATA!$I$2:$I$1001,"SULIT") -> 0 | E16: =COUNTIFS(DATA!$F$2:$F$1001,E$5,DATA!$I$2:$I$1001,"SULIT") -> 0 | F16: =COUNTIFS(DATA!$F$2:$F$1001,F$5,DATA!$I$2:$I$1001,"SULIT") -> 0 | G16: =COUNTIF(DATA!$I$2:$I$1001,"SULIT") -> 1 | I16: =IFERROR(C16/C$8,0) -> 0.020833333 | J16: =IFERROR(D16/D$8,0) -> 0 | K16: =IFERROR(E16/E$8,0) -> 0 | L16: =IFERROR(F16/F$8,0) -> 0 | M16: =IFERROR(G16/G$8,0) -> 0.0041322314
B17: Tampilan di HP
A18: 10 | B18: Ya, responsif | C18: =COUNTIFS(DATA!$F$2:$F$1001,C$5,DATA!$J$2:$J$1001,"YA") -> 32 | D18: =COUNTIFS(DATA!$F$2:$F$1001,D$5,DATA!$J$2:$J$1001,"YA") -> 49 | E18: =COUNTIFS(DATA!$F$2:$F$1001,E$5,DATA!$J$2:$J$1001,"YA") -> 53 | F18: =COUNTIFS(DATA!$F$2:$F$1001,F$5,DATA!$J$2:$J$1001,"YA") -> 31 | G18: =COUNTIF(DATA!$J$2:$J$1001,"YA") -> 165 | I18: =IFERROR(C18/C$8,0) -> 0.66666667 | J18: =IFERROR(D18/D$8,0) -> 0.5326087 | K18: =IFERROR(E18/E$8,0) -> 0.828125 | L18: =IFERROR(F18/F$8,0) -> 0.81578947 | M18: =IFERROR(G18/G$8,0) -> 0.68181818
A19: 11 | B19: Cukup | C19: =COUNTIFS(DATA!$F$2:$F$1001,C$5,DATA!$J$2:$J$1001,"CUKUP") -> 15 | D19: =COUNTIFS(DATA!$F$2:$F$1001,D$5,DATA!$J$2:$J$1001,"CUKUP") -> 42 | E19: =COUNTIFS(DATA!$F$2:$F$1001,E$5,DATA!$J$2:$J$1001,"CUKUP") -> 10 | F19: =COUNTIFS(DATA!$F$2:$F$1001,F$5,DATA!$J$2:$J$1001,"CUKUP") -> 7 | G19: =COUNTIF(DATA!$J$2:$J$1001,"CUKUP") -> 74 | I19: =IFERROR(C19/C$8,0) -> 0.3125 | J19: =IFERROR(D19/D$8,0) -> 0.45652174 | K19: =IFERROR(E19/E$8,0) -> 0.15625 | L19: =IFERROR(F19/F$8,0) -> 0.18421053 | M19: =IFERROR(G19/G$8,0) -> 0.30578512
A20: 12 | B20: Kurang | C20: =COUNTIFS(DATA!$F$2:$F$1001,C$5,DATA!$J$2:$J$1001,"KURANG") -> 1 | D20: =COUNTIFS(DATA!$F$2:$F$1001,D$5,DATA!$J$2:$J$1001,"KURANG") -> 1 | E20: =COUNTIFS(DATA!$F$2:$F$1001,E$5,DATA!$J$2:$J$1001,"KURANG") -> 1 | F20: =COUNTIFS(DATA!$F$2:$F$1001,F$5,DATA!$J$2:$J$1001,"KURANG") -> 0 | G20: =COUNTIF(DATA!$J$2:$J$1001,"KURANG") -> 3 | I20: =IFERROR(C20/C$8,0) -> 0.020833333 | J20: =IFERROR(D20/D$8,0) -> 0.010869565 | K20: =IFERROR(E20/E$8,0) -> 0.015625 | L20: =IFERROR(F20/F$8,0) -> 0 | M20: =IFERROR(G20/G$8,0) -> 0.012396694
B21: Kejelasan materi / SOP
A22: 13 | B22: Mudah | C22: =COUNTIFS(DATA!$F$2:$F$1001,C$5,DATA!$K$2:$K$1001,"MUDAH") -> 23 | D22: =COUNTIFS(DATA!$F$2:$F$1001,D$5,DATA!$K$2:$K$1001,"MUDAH") -> 48 | E22: =COUNTIFS(DATA!$F$2:$F$1001,E$5,DATA!$K$2:$K$1001,"MUDAH") -> 38 | F22: =COUNTIFS(DATA!$F$2:$F$1001,F$5,DATA!$K$2:$K$1001,"MUDAH") -> 24 | G22: =COUNTIF(DATA!$K$2:$K$1001,"MUDAH") -> 133 | I22: =IFERROR(C22/C$8,0) -> 0.47916667 | J22: =IFERROR(D22/D$8,0) -> 0.52173913 | K22: =IFERROR(E22/E$8,0) -> 0.59375 | L22: =IFERROR(F22/F$8,0) -> 0.63157895 | M22: =IFERROR(G22/G$8,0) -> 0.54958678
A23: 14 | B23: Cukup | C23: =COUNTIFS(DATA!$F$2:$F$1001,C$5,DATA!$K$2:$K$1001,"CUKUP") -> 25 | D23: =COUNTIFS(DATA!$F$2:$F$1001,D$5,DATA!$K$2:$K$1001,"CUKUP") -> 44 | E23: =COUNTIFS(DATA!$F$2:$F$1001,E$5,DATA!$K$2:$K$1001,"CUKUP") -> 25 | F23: =COUNTIFS(DATA!$F$2:$F$1001,F$5,DATA!$K$2:$K$1001,"CUKUP") -> 14 | G23: =COUNTIF(DATA!$K$2:$K$1001,"CUKUP") -> 108 | I23: =IFERROR(C23/C$8,0) -> 0.52083333 | J23: =IFERROR(D23/D$8,0) -> 0.47826087 | K23: =IFERROR(E23/E$8,0) -> 0.390625 | L23: =IFERROR(F23/F$8,0) -> 0.36842105 | M23: =IFERROR(G23/G$8,0) -> 0.44628099
A24: 15 | B24: Sulit | C24: =COUNTIFS(DATA!$F$2:$F$1001,C$5,DATA!$K$2:$K$1001,"SULIT") -> 0 | D24: =COUNTIFS(DATA!$F$2:$F$1001,D$5,DATA!$K$2:$K$1001,"SULIT") -> 0 | E24: =COUNTIFS(DATA!$F$2:$F$1001,E$5,DATA!$K$2:$K$1001,"SULIT") -> 1 | F24: =COUNTIFS(DATA!$F$2:$F$1001,F$5,DATA!$K$2:$K$1001,"SULIT") -> 0 | G24: =COUNTIF(DATA!$K$2:$K$1001,"SULIT") -> 1 | I24: =IFERROR(C24/C$8,0) -> 0 | J24: =IFERROR(D24/D$8,0) -> 0 | K24: =IFERROR(E24/E$8,0) -> 0.015625 | L24: =IFERROR(F24/F$8,0) -> 0 | M24: =IFERROR(G24/G$8,0) -> 0.0041322314
B25: Materi paling membantu
A26: 16 | B26: Aktivitas Harian | C26: =SUMIFS(DATA!$L$2:$L$1001,DATA!$F$2:$F$1001,C$5) -> 37 | D26: =SUMIFS(DATA!$L$2:$L$1001,DATA!$F$2:$F$1001,D$5) -> 75 | E26: =SUMIFS(DATA!$L$2:$L$1001,DATA!$F$2:$F$1001,E$5) -> 49 | F26: =SUMIFS(DATA!$L$2:$L$1001,DATA!$F$2:$F$1001,F$5) -> 32 | G26: =SUM(DATA!$L$2:$L$1001) -> 193 | I26: =IFERROR(C26/C$8,0) -> 0.77083333 | J26: =IFERROR(D26/D$8,0) -> 0.81521739 | K26: =IFERROR(E26/E$8,0) -> 0.765625 | L26: =IFERROR(F26/F$8,0) -> 0.84210526 | M26: =IFERROR(G26/G$8,0) -> 0.79752066
A27: 17 | B27: Aktivitas Mingguan | C27: =SUMIFS(DATA!$M$2:$M$1001,DATA!$F$2:$F$1001,C$5) -> 13 | D27: =SUMIFS(DATA!$M$2:$M$1001,DATA!$F$2:$F$1001,D$5) -> 36 | E27: =SUMIFS(DATA!$M$2:$M$1001,DATA!$F$2:$F$1001,E$5) -> 22 | F27: =SUMIFS(DATA!$M$2:$M$1001,DATA!$F$2:$F$1001,F$5) -> 15 | G27: =SUM(DATA!$M$2:$M$1001) -> 86 | I27: =IFERROR(C27/C$8,0) -> 0.27083333 | J27: =IFERROR(D27/D$8,0) -> 0.39130435 | K27: =IFERROR(E27/E$8,0) -> 0.34375 | L27: =IFERROR(F27/F$8,0) -> 0.39473684 | M27: =IFERROR(G27/G$8,0) -> 0.3553719
A28: 18 | B28: Aktivitas Bulanan | C28: =SUMIFS(DATA!$N$2:$N$1001,DATA!$F$2:$F$1001,C$5) -> 17 | D28: =SUMIFS(DATA!$N$2:$N$1001,DATA!$F$2:$F$1001,D$5) -> 31 | E28: =SUMIFS(DATA!$N$2:$N$1001,DATA!$F$2:$F$1001,E$5) -> 17 | F28: =SUMIFS(DATA!$N$2:$N$1001,DATA!$F$2:$F$1001,F$5) -> 15 | G28: =SUM(DATA!$N$2:$N$1001) -> 80 | I28: =IFERROR(C28/C$8,0) -> 0.35416667 | J28: =IFERROR(D28/D$8,0) -> 0.33695652 | K28: =IFERROR(E28/E$8,0) -> 0.265625 | L28: =IFERROR(F28/F$8,0) -> 0.39473684 | M28: =IFERROR(G28/G$8,0) -> 0.33057851
A29: 19 | B29: Overview Cabang / Prinsip Kerja | C29: =SUMIFS(DATA!$O$2:$O$1001,DATA!$F$2:$F$1001,C$5) -> 12 | D29: =SUMIFS(DATA!$O$2:$O$1001,DATA!$F$2:$F$1001,D$5) -> 27 | E29: =SUMIFS(DATA!$O$2:$O$1001,DATA!$F$2:$F$1001,E$5) -> 15 | F29: =SUMIFS(DATA!$O$2:$O$1001,DATA!$F$2:$F$1001,F$5) -> 15 | G29: =SUM(DATA!$O$2:$O$1001) -> 69 | I29: =IFERROR(C29/C$8,0) -> 0.25 | J29: =IFERROR(D29/D$8,0) -> 0.29347826 | K29: =IFERROR(E29/E$8,0) -> 0.234375 | L29: =IFERROR(F29/F$8,0) -> 0.39473684 | M29: =IFERROR(G29/G$8,0) -> 0.28512397
B30: Skor rata-rata (1 - 3)
A31: 20 | B31: Navigasi | C31: =IFERROR(AVERAGEIFS(DATA!$P$2:$P$1001,DATA!$F$2:$F$1001,C$5),0) -> 2.6666667 | D31: =IFERROR(AVERAGEIFS(DATA!$P$2:$P$1001,DATA!$F$2:$F$1001,D$5),0) -> 2.5326087 | E31: =IFERROR(AVERAGEIFS(DATA!$P$2:$P$1001,DATA!$F$2:$F$1001,E$5),0) -> 2.65625 | F31: =IFERROR(AVERAGEIFS(DATA!$P$2:$P$1001,DATA!$F$2:$F$1001,F$5),0) -> 2.7631579 | G31: =IFERROR(AVERAGE(DATA!$P$2:$P$1001),0) -> 2.6280992
A32: 21 | B32: Tampilan HP | C32: =IFERROR(AVERAGEIFS(DATA!$Q$2:$Q$1001,DATA!$F$2:$F$1001,C$5),0) -> 2.6458333 | D32: =IFERROR(AVERAGEIFS(DATA!$Q$2:$Q$1001,DATA!$F$2:$F$1001,D$5),0) -> 2.5217391 | E32: =IFERROR(AVERAGEIFS(DATA!$Q$2:$Q$1001,DATA!$F$2:$F$1001,E$5),0) -> 2.8125 | F32: =IFERROR(AVERAGEIFS(DATA!$Q$2:$Q$1001,DATA!$F$2:$F$1001,F$5),0) -> 2.8157895 | G32: =IFERROR(AVERAGE(DATA!$Q$2:$Q$1001),0) -> 2.6694215
A33: 22 | B33: Materi / SOP | C33: =IFERROR(AVERAGEIFS(DATA!$R$2:$R$1001,DATA!$F$2:$F$1001,C$5),0) -> 2.4791667 | D33: =IFERROR(AVERAGEIFS(DATA!$R$2:$R$1001,DATA!$F$2:$F$1001,D$5),0) -> 2.5217391 | E33: =IFERROR(AVERAGEIFS(DATA!$R$2:$R$1001,DATA!$F$2:$F$1001,E$5),0) -> 2.578125 | F33: =IFERROR(AVERAGEIFS(DATA!$R$2:$R$1001,DATA!$F$2:$F$1001,F$5),0) -> 2.6315789 | G33: =IFERROR(AVERAGE(DATA!$R$2:$R$1001),0) -> 2.5454545
A34: 23 | B34: Rata-rata keseluruhan | C34: =IFERROR(AVERAGEIFS(DATA!$S$2:$S$1001,DATA!$F$2:$F$1001,C$5),0) -> 2.5972222 | D34: =IFERROR(AVERAGEIFS(DATA!$S$2:$S$1001,DATA!$F$2:$F$1001,D$5),0) -> 2.5253623 | E34: =IFERROR(AVERAGEIFS(DATA!$S$2:$S$1001,DATA!$F$2:$F$1001,E$5),0) -> 2.6822917 | F34: =IFERROR(AVERAGEIFS(DATA!$S$2:$S$1001,DATA!$F$2:$F$1001,F$5),0) -> 2.7368421 | G34: =IFERROR(AVERAGE(DATA!$S$2:$S$1001),0) -> 2.6143251
B35: Masukan & Saran (gabungan 3 pertanyaan saran - 1 orang dihitung 1x per topik)
B36: A. Tampilan & Akses Website
A37: 24 | B37: Kecepatan & Akses Website | C37: =SUMIFS(DATA!$AK$2:$AK$1001,DATA!$F$2:$F$1001,C$5) -> 2 | D37: =SUMIFS(DATA!$AK$2:$AK$1001,DATA!$F$2:$F$1001,D$5) -> 7 | E37: =SUMIFS(DATA!$AK$2:$AK$1001,DATA!$F$2:$F$1001,E$5) -> 3 | F37: =SUMIFS(DATA!$AK$2:$AK$1001,DATA!$F$2:$F$1001,F$5) -> 1 | G37: =SUM(DATA!$AK$2:$AK$1001) -> 13 | I37: =IFERROR(C37/C$8,0) -> 0.041666667 | J37: =IFERROR(D37/D$8,0) -> 0.076086957 | K37: =IFERROR(E37/E$8,0) -> 0.046875 | L37: =IFERROR(F37/F$8,0) -> 0.026315789 | M37: =IFERROR(G37/G$8,0) -> 0.053719008 | N37: =IF(G37=0,"-",IF(G37/G$57>=15%,"Tinggi",IF(G37/G$57>=8%,"Sedang","Rendah"))) -> Sedang | O37: Optimasi kecepatan muat halaman (kompres gambar, cache), tingkatkan kapasitas server/hosting saat banyak pengguna, uji di area sinyal lemah.
A38: 25 | B38: Tampilan di HP (Responsif) | C38: =SUMIFS(DATA!$AL$2:$AL$1001,DATA!$F$2:$F$1001,C$5) -> 1 | D38: =SUMIFS(DATA!$AL$2:$AL$1001,DATA!$F$2:$F$1001,D$5) -> 1 | E38: =SUMIFS(DATA!$AL$2:$AL$1001,DATA!$F$2:$F$1001,E$5) -> 2 | F38: =SUMIFS(DATA!$AL$2:$AL$1001,DATA!$F$2:$F$1001,F$5) -> 0 | G38: =SUM(DATA!$AL$2:$AL$1001) -> 4 | I38: =IFERROR(C38/C$8,0) -> 0.020833333 | J38: =IFERROR(D38/D$8,0) -> 0.010869565 | K38: =IFERROR(E38/E$8,0) -> 0.03125 | L38: =IFERROR(F38/F$8,0) -> 0 | M38: =IFERROR(G38/G$8,0) -> 0.016528926 | N38: =IF(G38=0,"-",IF(G38/G$57>=15%,"Tinggi",IF(G38/G$57>=8%,"Sedang","Rendah"))) -> Rendah | O38: Perbaiki tampilan mobile: lebar halaman menyesuaikan layar HP, tidak perlu geser ke samping.
A39: 26 | B39: Desain, Warna & Font | C39: =SUMIFS(DATA!$AM$2:$AM$1001,DATA!$F$2:$F$1001,C$5) -> 7 | D39: =SUMIFS(DATA!$AM$2:$AM$1001,DATA!$F$2:$F$1001,D$5) -> 18 | E39: =SUMIFS(DATA!$AM$2:$AM$1001,DATA!$F$2:$F$1001,E$5) -> 4 | F39: =SUMIFS(DATA!$AM$2:$AM$1001,DATA!$F$2:$F$1001,F$5) -> 2 | G39: =SUM(DATA!$AM$2:$AM$1001) -> 31 | I39: =IFERROR(C39/C$8,0) -> 0.14583333 | J39: =IFERROR(D39/D$8,0) -> 0.19565217 | K39: =IFERROR(E39/E$8,0) -> 0.0625 | L39: =IFERROR(F39/F$8,0) -> 0.052631579 | M39: =IFERROR(G39/G$8,0) -> 0.12809917 | N39: =IF(G39=0,"-",IF(G39/G$57>=15%,"Tinggi",IF(G39/G$57>=8%,"Sedang","Rendah"))) -> Tinggi | O39: Perbarui desain agar lebih menarik dan tidak kaku: kontras warna teks (hindari abu-abu), font nyaman dibaca, tambah logo SID.
A40: 27 | B40: Menu per Jabatan / Navigasi | C40: =SUMIFS(DATA!$AN$2:$AN$1001,DATA!$F$2:$F$1001,C$5) -> 0 | D40: =SUMIFS(DATA!$AN$2:$AN$1001,DATA!$F$2:$F$1001,D$5) -> 2 | E40: =SUMIFS(DATA!$AN$2:$AN$1001,DATA!$F$2:$F$1001,E$5) -> 2 | F40: =SUMIFS(DATA!$AN$2:$AN$1001,DATA!$F$2:$F$1001,F$5) -> 0 | G40: =SUM(DATA!$AN$2:$AN$1001) -> 4 | I40: =IFERROR(C40/C$8,0) -> 0 | J40: =IFERROR(D40/D$8,0) -> 0.02173913 | K40: =IFERROR(E40/E$8,0) -> 0.03125 | L40: =IFERROR(F40/F$8,0) -> 0 | M40: =IFERROR(G40/G$8,0) -> 0.016528926 | N40: =IF(G40=0,"-",IF(G40/G$57>=15%,"Tinggi",IF(G40/G$57>=8%,"Sedang","Rendah"))) -> Rendah | O40: Buat menu/jalur terpisah untuk BM, CRO, dan BAO di halaman awal.
A41: 28 | B41: Integrasi dengan SACS / Aplikasi Kerja | C41: =SUMIFS(DATA!$AO$2:$AO$1001,DATA!$F$2:$F$1001,C$5) -> 3 | D41: =SUMIFS(DATA!$AO$2:$AO$1001,DATA!$F$2:$F$1001,D$5) -> 6 | E41: =SUMIFS(DATA!$AO$2:$AO$1001,DATA!$F$2:$F$1001,E$5) -> 3 | F41: =SUMIFS(DATA!$AO$2:$AO$1001,DATA!$F$2:$F$1001,F$5) -> 1 | G41: =SUM(DATA!$AO$2:$AO$1001) -> 13 | I41: =IFERROR(C41/C$8,0) -> 0.0625 | J41: =IFERROR(D41/D$8,0) -> 0.065217391 | K41: =IFERROR(E41/E$8,0) -> 0.046875 | L41: =IFERROR(F41/F$8,0) -> 0.026315789 | M41: =IFERROR(G41/G$8,0) -> 0.053719008 | N41: =IF(G41=0,"-",IF(G41/G$57>=15%,"Tinggi",IF(G41/G$57>=8%,"Sedang","Rendah"))) -> Sedang | O41: Pasang link/menu handbook di SACS atau aplikasi kerja agar bisa diakses tanpa buka website terpisah.
A42: 29 | B42: Fitur Baru (Dashboard / KPI / Database) | C42: =SUMIFS(DATA!$AP$2:$AP$1001,DATA!$F$2:$F$1001,C$5) -> 0 | D42: =SUMIFS(DATA!$AP$2:$AP$1001,DATA!$F$2:$F$1001,D$5) -> 4 | E42: =SUMIFS(DATA!$AP$2:$AP$1001,DATA!$F$2:$F$1001,E$5) -> 2 | F42: =SUMIFS(DATA!$AP$2:$AP$1001,DATA!$F$2:$F$1001,F$5) -> 1 | G42: =SUM(DATA!$AP$2:$AP$1001) -> 7 | I42: =IFERROR(C42/C$8,0) -> 0 | J42: =IFERROR(D42/D$8,0) -> 0.043478261 | K42: =IFERROR(E42/E$8,0) -> 0.03125 | L42: =IFERROR(F42/F$8,0) -> 0.026315789 | M42: =IFERROR(G42/G$8,0) -> 0.02892562 | N42: =IF(G42=0,"-",IF(G42/G$57>=15%,"Tinggi",IF(G42/G$57>=8%,"Sedang","Rendah"))) -> Rendah | O42: Kaji kebutuhan fitur dashboard/KPI/database cabang sebagai pengembangan tahap berikutnya.
B43: B. Isi / Materi Handbook
A44: 30 | B44: Penyederhanaan & Ringkas Isi | C44: =SUMIFS(DATA!$AQ$2:$AQ$1001,DATA!$F$2:$F$1001,C$5) -> 2 | D44: =SUMIFS(DATA!$AQ$2:$AQ$1001,DATA!$F$2:$F$1001,D$5) -> 9 | E44: =SUMIFS(DATA!$AQ$2:$AQ$1001,DATA!$F$2:$F$1001,E$5) -> 9 | F44: =SUMIFS(DATA!$AQ$2:$AQ$1001,DATA!$F$2:$F$1001,F$5) -> 2 | G44: =SUM(DATA!$AQ$2:$AQ$1001) -> 22 | I44: =IFERROR(C44/C$8,0) -> 0.041666667 | J44: =IFERROR(D44/D$8,0) -> 0.097826087 | K44: =IFERROR(E44/E$8,0) -> 0.140625 | L44: =IFERROR(F44/F$8,0) -> 0.052631579 | M44: =IFERROR(G44/G$8,0) -> 0.090909091 | N44: =IF(G44=0,"-",IF(G44/G$57>=15%,"Tinggi",IF(G44/G$57>=8%,"Sedang","Rendah"))) -> Tinggi | O44: Ringkas teks menjadi poin-poin, bahasa lebih sederhana, langsung ke inti, rapikan tata letak.
A45: 31 | B45: Penambahan Isi, Materi & Template | C45: =SUMIFS(DATA!$AR$2:$AR$1001,DATA!$F$2:$F$1001,C$5) -> 4 | D45: =SUMIFS(DATA!$AR$2:$AR$1001,DATA!$F$2:$F$1001,D$5) -> 3 | E45: =SUMIFS(DATA!$AR$2:$AR$1001,DATA!$F$2:$F$1001,E$5) -> 10 | F45: =SUMIFS(DATA!$AR$2:$AR$1001,DATA!$F$2:$F$1001,F$5) -> 1 | G45: =SUM(DATA!$AR$2:$AR$1001) -> 18 | I45: =IFERROR(C45/C$8,0) -> 0.083333333 | J45: =IFERROR(D45/D$8,0) -> 0.032608696 | K45: =IFERROR(E45/E$8,0) -> 0.15625 | L45: =IFERROR(F45/F$8,0) -> 0.026315789 | M45: =IFERROR(G45/G$8,0) -> 0.074380165 | N45: =IF(G45=0,"-",IF(G45/G$57>=15%,"Tinggi",IF(G45/G$57>=8%,"Sedang","Rendah"))) -> Sedang | O45: Lengkapi materi (jobdesk & langkah kerja harian/mingguan/bulanan lebih rinci, prosedur pengajuan), tambah template surat (korin) dan materi posisi lain (ARO, RAO, AR, HSE).
A46: 32 | B46: Tambah Video / Gambar / Flowchart | C46: =SUMIFS(DATA!$AS$2:$AS$1001,DATA!$F$2:$F$1001,C$5) -> 2 | D46: =SUMIFS(DATA!$AS$2:$AS$1001,DATA!$F$2:$F$1001,D$5) -> 5 | E46: =SUMIFS(DATA!$AS$2:$AS$1001,DATA!$F$2:$F$1001,E$5) -> 2 | F46: =SUMIFS(DATA!$AS$2:$AS$1001,DATA!$F$2:$F$1001,F$5) -> 0 | G46: =SUM(DATA!$AS$2:$AS$1001) -> 9 | I46: =IFERROR(C46/C$8,0) -> 0.041666667 | J46: =IFERROR(D46/D$8,0) -> 0.054347826 | K46: =IFERROR(E46/E$8,0) -> 0.03125 | L46: =IFERROR(F46/F$8,0) -> 0 | M46: =IFERROR(G46/G$8,0) -> 0.037190083 | N46: =IF(G46=0,"-",IF(G46/G$57>=15%,"Tinggi",IF(G46/G$57>=8%,"Sedang","Rendah"))) -> Rendah | O46: Tambahkan infografis, bagan/flowchart, dan video tutorial singkat untuk materi utama.
A47: 33 | B47: Kontak PIC, Struktur Organisasi & Eskalasi | C47: =SUMIFS(DATA!$AT$2:$AT$1001,DATA!$F$2:$F$1001,C$5) -> 2 | D47: =SUMIFS(DATA!$AT$2:$AT$1001,DATA!$F$2:$F$1001,D$5) -> 4 | E47: =SUMIFS(DATA!$AT$2:$AT$1001,DATA!$F$2:$F$1001,E$5) -> 0 | F47: =SUMIFS(DATA!$AT$2:$AT$1001,DATA!$F$2:$F$1001,F$5) -> 2 | G47: =SUM(DATA!$AT$2:$AT$1001) -> 8 | I47: =IFERROR(C47/C$8,0) -> 0.041666667 | J47: =IFERROR(D47/D$8,0) -> 0.043478261 | K47: =IFERROR(E47/E$8,0) -> 0 | L47: =IFERROR(F47/F$8,0) -> 0.052631579 | M47: =IFERROR(G47/G$8,0) -> 0.033057851 | N47: =IF(G47=0,"-",IF(G47/G$57>=15%,"Tinggi",IF(G47/G$57>=8%,"Sedang","Rendah"))) -> Rendah | O47: Tambah halaman struktur organisasi terbaru, PIC divisi pusat + kontak/helpdesk SACS, PIC per kendala, dan alur eskalasi sampai kantor pusat.
A48: 34 | B48: Update & Notifikasi Perubahan SOP | C48: =SUMIFS(DATA!$AU$2:$AU$1001,DATA!$F$2:$F$1001,C$5) -> 0 | D48: =SUMIFS(DATA!$AU$2:$AU$1001,DATA!$F$2:$F$1001,D$5) -> 4 | E48: =SUMIFS(DATA!$AU$2:$AU$1001,DATA!$F$2:$F$1001,E$5) -> 4 | F48: =SUMIFS(DATA!$AU$2:$AU$1001,DATA!$F$2:$F$1001,F$5) -> 1 | G48: =SUM(DATA!$AU$2:$AU$1001) -> 9 | I48: =IFERROR(C48/C$8,0) -> 0 | J48: =IFERROR(D48/D$8,0) -> 0.043478261 | K48: =IFERROR(E48/E$8,0) -> 0.0625 | L48: =IFERROR(F48/F$8,0) -> 0.026315789 | M48: =IFERROR(G48/G$8,0) -> 0.037190083 | N48: =IF(G48=0,"-",IF(G48/G$57>=15%,"Tinggi",IF(G48/G$57>=8%,"Sedang","Rendah"))) -> Rendah | O48: Tetapkan PIC & jadwal update konten, tampilkan tanggal update terakhir dan notifikasi/log setiap ada perubahan SOP.
B49: C. SOP yang Belum Ada di Handbook
A50: 35 | B50: Sanksi & Pelanggaran SOP | C50: =SUMIFS(DATA!$AV$2:$AV$1001,DATA!$F$2:$F$1001,C$5) -> 0 | D50: =SUMIFS(DATA!$AV$2:$AV$1001,DATA!$F$2:$F$1001,D$5) -> 1 | E50: =SUMIFS(DATA!$AV$2:$AV$1001,DATA!$F$2:$F$1001,E$5) -> 2 | F50: =SUMIFS(DATA!$AV$2:$AV$1001,DATA!$F$2:$F$1001,F$5) -> 0 | G50: =SUM(DATA!$AV$2:$AV$1001) -> 3 | I50: =IFERROR(C50/C$8,0) -> 0 | J50: =IFERROR(D50/D$8,0) -> 0.010869565 | K50: =IFERROR(E50/E$8,0) -> 0.03125 | L50: =IFERROR(F50/F$8,0) -> 0 | M50: =IFERROR(G50/G$8,0) -> 0.012396694 | N50: =IF(G50=0,"-",IF(G50/G$57>=15%,"Tinggi",IF(G50/G$57>=8%,"Sedang","Rendah"))) -> Rendah | O50: Buat bab sanksi/larangan dan alur pelaporan pelanggaran SOP (termasuk pembayaran ke rekening pribadi).
A51: 36 | B51: Piutang & Pelanggan Bermasalah | C51: =SUMIFS(DATA!$AW$2:$AW$1001,DATA!$F$2:$F$1001,C$5) -> 1 | D51: =SUMIFS(DATA!$AW$2:$AW$1001,DATA!$F$2:$F$1001,D$5) -> 2 | E51: =SUMIFS(DATA!$AW$2:$AW$1001,DATA!$F$2:$F$1001,E$5) -> 0 | F51: =SUMIFS(DATA!$AW$2:$AW$1001,DATA!$F$2:$F$1001,F$5) -> 1 | G51: =SUM(DATA!$AW$2:$AW$1001) -> 4 | I51: =IFERROR(C51/C$8,0) -> 0.020833333 | J51: =IFERROR(D51/D$8,0) -> 0.02173913 | K51: =IFERROR(E51/E$8,0) -> 0 | L51: =IFERROR(F51/F$8,0) -> 0.026315789 | M51: =IFERROR(G51/G$8,0) -> 0.016528926 | N51: =IF(G51=0,"-",IF(G51/G$57>=15%,"Tinggi",IF(G51/G$57>=8%,"Sedang","Rendah"))) -> Rendah | O51: Tambah SOP penanganan pelanggan NPL/overdue/restrukturisasi dan rekonsiliasi piutang (masukkan ke jobdesk).
A52: 37 | B52: Pengiriman, Retur & Logistik | C52: =SUMIFS(DATA!$AX$2:$AX$1001,DATA!$F$2:$F$1001,C$5) -> 1 | D52: =SUMIFS(DATA!$AX$2:$AX$1001,DATA!$F$2:$F$1001,D$5) -> 1 | E52: =SUMIFS(DATA!$AX$2:$AX$1001,DATA!$F$2:$F$1001,E$5) -> 2 | F52: =SUMIFS(DATA!$AX$2:$AX$1001,DATA!$F$2:$F$1001,F$5) -> 0 | G52: =SUM(DATA!$AX$2:$AX$1001) -> 4 | I52: =IFERROR(C52/C$8,0) -> 0.020833333 | J52: =IFERROR(D52/D$8,0) -> 0.010869565 | K52: =IFERROR(E52/E$8,0) -> 0.03125 | L52: =IFERROR(F52/F$8,0) -> 0 | M52: =IFERROR(G52/G$8,0) -> 0.016528926 | N52: =IF(G52=0,"-",IF(G52/G$57>=15%,"Tinggi",IF(G52/G$57>=8%,"Sedang","Rendah"))) -> Rendah | O52: Tambah SOP pengiriman manual, histori kiriman semen & non semen, dan penanganan barang retur.
A53: 38 | B53: Panduan Laporan & Alur Kerja | C53: =SUMIFS(DATA!$AY$2:$AY$1001,DATA!$F$2:$F$1001,C$5) -> 1 | D53: =SUMIFS(DATA!$AY$2:$AY$1001,DATA!$F$2:$F$1001,D$5) -> 3 | E53: =SUMIFS(DATA!$AY$2:$AY$1001,DATA!$F$2:$F$1001,E$5) -> 1 | F53: =SUMIFS(DATA!$AY$2:$AY$1001,DATA!$F$2:$F$1001,F$5) -> 0 | G53: =SUM(DATA!$AY$2:$AY$1001) -> 5 | I53: =IFERROR(C53/C$8,0) -> 0.020833333 | J53: =IFERROR(D53/D$8,0) -> 0.032608696 | K53: =IFERROR(E53/E$8,0) -> 0.015625 | L53: =IFERROR(F53/F$8,0) -> 0 | M53: =IFERROR(G53/G$8,0) -> 0.020661157 | N53: =IF(G53=0,"-",IF(G53/G$57>=15%,"Tinggi",IF(G53/G$57>=8%,"Sedang","Rendah"))) -> Rendah | O53: Tambah panduan laporan evaluasi harian (aplikasi CP), flowchart aktivitas harian BAO, dan acuan kerja bila cabang belum punya POA.
B54: D. Lainnya
A55: 39 | B55: Saran Umum Peningkatan | C55: =SUMIFS(DATA!$AZ$2:$AZ$1001,DATA!$F$2:$F$1001,C$5) -> 2 | D55: =SUMIFS(DATA!$AZ$2:$AZ$1001,DATA!$F$2:$F$1001,D$5) -> 5 | E55: =SUMIFS(DATA!$AZ$2:$AZ$1001,DATA!$F$2:$F$1001,E$5) -> 5 | F55: =SUMIFS(DATA!$AZ$2:$AZ$1001,DATA!$F$2:$F$1001,F$5) -> 2 | G55: =SUM(DATA!$AZ$2:$AZ$1001) -> 14 | I55: =IFERROR(C55/C$8,0) -> 0.041666667 | J55: =IFERROR(D55/D$8,0) -> 0.054347826 | K55: =IFERROR(E55/E$8,0) -> 0.078125 | L55: =IFERROR(F55/F$8,0) -> 0.052631579 | M55: =IFERROR(G55/G$8,0) -> 0.05785124 | N55: - | O55: Masukan umum tanpa poin spesifik, cukup dipantau.
A56: 40 | B56: Lainnya (perlu dibaca manual) | C56: =SUMIFS(DATA!$BA$2:$BA$1001,DATA!$F$2:$F$1001,C$5) -> 6 | D56: =SUMIFS(DATA!$BA$2:$BA$1001,DATA!$F$2:$F$1001,D$5) -> 10 | E56: =SUMIFS(DATA!$BA$2:$BA$1001,DATA!$F$2:$F$1001,E$5) -> 11 | F56: =SUMIFS(DATA!$BA$2:$BA$1001,DATA!$F$2:$F$1001,F$5) -> 1 | G56: =SUM(DATA!$BA$2:$BA$1001) -> 28 | I56: =IFERROR(C56/C$8,0) -> 0.125 | J56: =IFERROR(D56/D$8,0) -> 0.10869565 | K56: =IFERROR(E56/E$8,0) -> 0.171875 | L56: =IFERROR(F56/F$8,0) -> 0.026315789 | M56: =IFERROR(G56/G$8,0) -> 0.11570248 | N56: - | O56: Perlu dibaca manual (kolom V, W, X di sheet DATA).
A57: 41 | B57: Jumlah responden yang memberi masukan | C57: =SUMIFS(DATA!$BB$2:$BB$1001,DATA!$F$2:$F$1001,C$5) -> 28 | D57: =SUMIFS(DATA!$BB$2:$BB$1001,DATA!$F$2:$F$1001,D$5) -> 61 | E57: =SUMIFS(DATA!$BB$2:$BB$1001,DATA!$F$2:$F$1001,E$5) -> 42 | F57: =SUMIFS(DATA!$BB$2:$BB$1001,DATA!$F$2:$F$1001,F$5) -> 12 | G57: =SUM(DATA!$BB$2:$BB$1001) -> 143 | I57: =IFERROR(C57/C$8,0) -> 0.58333333 | J57: =IFERROR(D57/D$8,0) -> 0.66304348 | K57: =IFERROR(E57/E$8,0) -> 0.65625 | L57: =IFERROR(F57/F$8,0) -> 0.31578947 | M57: =IFERROR(G57/G$8,0) -> 0.59090909
A58: 42 | B58: Tidak ada masukan / sudah baik (di ketiga pertanyaan) | C58: =C$8-C57 -> 20 | D58: =D$8-D57 -> 31 | E58: =E$8-E57 -> 22 | F58: =F$8-F57 -> 26 | G58: =G$8-G57 -> 99 | I58: =IFERROR(C58/C$8,0) -> 0.41666667 | J58: =IFERROR(D58/D$8,0) -> 0.33695652 | K58: =IFERROR(E58/E$8,0) -> 0.34375 | L58: =IFERROR(F58/F$8,0) -> 0.68421053 | M58: =IFERROR(G58/G$8,0) -> 0.40909091
B60: Ket: skor Mudah/Ya = 3, Cukup = 2, Sulit/Kurang = 1
B61: Ket: masukan dari 3 pertanyaan (Kritik/Saran Tampilan, SOP yang Belum Ada, Saran Lainnya) digabung per topik. Jika 1 orang menyebut topik yang sama di lebih dari 1 pertanyaan, tetap dihitung 1 kali.
B62: Ket: 1 orang bisa menyebut beberapa topik berbeda, sehingga jumlah per topik tidak harus sama dengan jumlah responden yang memberi masukan.
B63: Ket: prioritas = jumlah per topik dibanding jumlah responden yang memberi masukan (Tinggi >= 15%, Sedang 8% - 14%, Rendah < 8%). Rincian per responden ada di sheet DATA kolom AK:BB.

Sheet CABANG
A1: REKAP PENGISIAN PER CABANG
A3: No | B3: Cabang | C3: Jml Pegawai | D3: Sudah Isi | E3: % | F3: BM | G3: CRO | H3: BAO | I3: Navigasi Mudah | J3: HP Responsif | K3: SOP Mudah | L3: Skor | M3: Keterangan
A4: JAWA BARAT
A5: 1 | B5: =PROGRES!B2 -> PURWAKARTA | C5: =PROGRES!C2 -> 3 | D5: =COUNTIF(DATA!$E$2:$E$1001,$B5) -> 0 | E5: =IFERROR(D5/C5,0) -> 0 | F5: =COUNTIFS(DATA!$E$2:$E$1001,$B5,DATA!$H$2:$H$1001,"BM") -> 0 | G5: =COUNTIFS(DATA!$E$2:$E$1001,$B5,DATA!$H$2:$H$1001,"CRO") -> 0 | H5: =COUNTIFS(DATA!$E$2:$E$1001,$B5,DATA!$H$2:$H$1001,"BAO") -> 0 | I5: =IF($D5=0,"-",COUNTIFS(DATA!$E$2:$E$1001,$B5,DATA!$I$2:$I$1001,"MUDAH")/$D5) -> - | J5: =IF($D5=0,"-",COUNTIFS(DATA!$E$2:$E$1001,$B5,DATA!$J$2:$J$1001,"YA")/$D5) -> - | K5: =IF($D5=0,"-",COUNTIFS(DATA!$E$2:$E$1001,$B5,DATA!$K$2:$K$1001,"MUDAH")/$D5) -> - | L5: =IFERROR(AVERAGEIFS(DATA!$S$2:$S$1001,DATA!$E$2:$E$1001,$B5),"-") -> - | M5: =IF(D5=0,"Belum isi","") -> Belum isi
A6: 2 | B6: =PROGRES!B3 -> SUKABUMI II | C6: =PROGRES!C3 -> 6 | D6: =COUNTIF(DATA!$E$2:$E$1001,$B6) -> 3 | E6: =IFERROR(D6/C6,0) -> 0.5 | F6: =COUNTIFS(DATA!$E$2:$E$1001,$B6,DATA!$H$2:$H$1001,"BM") -> 0 | G6: =COUNTIFS(DATA!$E$2:$E$1001,$B6,DATA!$H$2:$H$1001,"CRO") -> 2 | H6: =COUNTIFS(DATA!$E$2:$E$1001,$B6,DATA!$H$2:$H$1001,"BAO") -> 1 | I6: =IF($D6=0,"-",COUNTIFS(DATA!$E$2:$E$1001,$B6,DATA!$I$2:$I$1001,"MUDAH")/$D6) -> 0.66666667 | J6: =IF($D6=0,"-",COUNTIFS(DATA!$E$2:$E$1001,$B6,DATA!$J$2:$J$1001,"YA")/$D6) -> 0.33333333 | K6: =IF($D6=0,"-",COUNTIFS(DATA!$E$2:$E$1001,$B6,DATA!$K$2:$K$1001,"MUDAH")/$D6) -> 0.66666667 | L6: =IFERROR(AVERAGEIFS(DATA!$S$2:$S$1001,DATA!$E$2:$E$1001,$B6),"-") -> 2.5555556 | M6: =IF(D6=0,"Belum isi","")
A7: 3 | B7: =PROGRES!B4 -> PANGANDARAN | C7: =PROGRES!C4 -> 3 | D7: =COUNTIF(DATA!$E$2:$E$1001,$B7) -> 0 | E7: =IFERROR(D7/C7,0) -> 0 | F7: =COUNTIFS(DATA!$E$2:$E$1001,$B7,DATA!$H$2:$H$1001,"BM") -> 0 | G7: =COUNTIFS(DATA!$E$2:$E$1001,$B7,DATA!$H$2:$H$1001,"CRO") -> 0 | H7: =COUNTIFS(DATA!$E$2:$E$1001,$B7,DATA!$H$2:$H$1001,"BAO") -> 0 | I7: =IF($D7=0,"-",COUNTIFS(DATA!$E$2:$E$1001,$B7,DATA!$I$2:$I$1001,"MUDAH")/$D7) -> - | J7: =IF($D7=0,"-",COUNTIFS(DATA!$E$2:$E$1001,$B7,DATA!$J$2:$J$1001,"YA")/$D7) -> - | K7: =IF($D7=0,"-",COUNTIFS(DATA!$E$2:$E$1001,$B7,DATA!$K$2:$K$1001,"MUDAH")/$D7) -> - | L7: =IFERROR(AVERAGEIFS(DATA!$S$2:$S$1001,DATA!$E$2:$E$1001,$B7),"-") -> - | M7: =IF(D7=0,"Belum isi","") -> Belum isi
A8: 4 | B8: =PROGRES!B5 -> BANDUNG | C8: =PROGRES!C5 -> 7 | D8: =COUNTIF(DATA!$E$2:$E$1001,$B8) -> 0 | E8: =IFERROR(D8/C8,0) -> 0 | F8: =COUNTIFS(DATA!$E$2:$E$1001,$B8,DATA!$H$2:$H$1001,"BM") -> 0 | G8: =COUNTIFS(DATA!$E$2:$E$1001,$B8,DATA!$H$2:$H$1001,"CRO") -> 0 | H8: =COUNTIFS(DATA!$E$2:$E$1001,$B8,DATA!$H$2:$H$1001,"BAO") -> 0 | I8: =IF($D8=0,"-",COUNTIFS(DATA!$E$2:$E$1001,$B8,DATA!$I$2:$I$1001,"MUDAH")/$D8) -> - | J8: =IF($D8=0,"-",COUNTIFS(DATA!$E$2:$E$1001,$B8,DATA!$J$2:$J$1001,"YA")/$D8) -> - | K8: =IF($D8=0,"-",COUNTIFS(DATA!$E$2:$E$1001,$B8,DATA!$K$2:$K$1001,"MUDAH")/$D8) -> - | L8: =IFERROR(AVERAGEIFS(DATA!$S$2:$S$1001,DATA!$E$2:$E$1001,$B8),"-") -> - | M8: =IF(D8=0,"Belum isi","") -> Belum isi
A9: 5 | B9: =PROGRES!B6 -> BANJAR | C9: =PROGRES!C6 -> 4 | D9: =COUNTIF(DATA!$E$2:$E$1001,$B9) -> 3 | E9: =IFERROR(D9/C9,0) -> 0.75 | F9: =COUNTIFS(DATA!$E$2:$E$1001,$B9,DATA!$H$2:$H$1001,"BM") -> 1 | G9: =COUNTIFS(DATA!$E$2:$E$1001,$B9,DATA!$H$2:$H$1001,"CRO") -> 2 | H9: =COUNTIFS(DATA!$E$2:$E$1001,$B9,DATA!$H$2:$H$1001,"BAO") -> 0 | I9: =IF($D9=0,"-",COUNTIFS(DATA!$E$2:$E$1001,$B9,DATA!$I$2:$I$1001,"MUDAH")/$D9) -> 1 | J9: =IF($D9=0,"-",COUNTIFS(DATA!$E$2:$E$1001,$B9,DATA!$J$2:$J$1001,"YA")/$D9) -> 1 | K9: =IF($D9=0,"-",COUNTIFS(DATA!$E$2:$E$1001,$B9,DATA!$K$2:$K$1001,"MUDAH")/$D9) -> 0.66666667 | L9: =IFERROR(AVERAGEIFS(DATA!$S$2:$S$1001,DATA!$E$2:$E$1001,$B9),"-") -> 2.8888889 | M9: =IF(D9=0,"Belum isi","")
A10: 6 | B10: =PROGRES!B7 -> CIANJUR | C10: =PROGRES!C7 -> 7 | D10: =COUNTIF(DATA!$E$2:$E$1001,$B10) -> 6 | E10: =IFERROR(D10/C10,0) -> 0.85714286 | F10: =COUNTIFS(DATA!$E$2:$E$1001,$B10,DATA!$H$2:$H$1001,"BM") -> 1 | G10: =COUNTIFS(DATA!$E$2:$E$1001,$B10,DATA!$H$2:$H$1001,"CRO") -> 4 | H10: =COUNTIFS(DATA!$E$2:$E$1001,$B10,DATA!$H$2:$H$1001,"BAO") -> 1 | I10: =IF($D10=0,"-",COUNTIFS(DATA!$E$2:$E$1001,$B10,DATA!$I$2:$I$1001,"MUDAH")/$D10) -> 0.66666667 | J10: =IF($D10=0,"-",COUNTIFS(DATA!$E$2:$E$1001,$B10,DATA!$J$2:$J$1001,"YA")/$D10) -> 0.5 | K10: =IF($D10=0,"-",COUNTIFS(DATA!$E$2:$E$1001,$B10,DATA!$K$2:$K$1001,"MUDAH")/$D10) -> 0.5 | L10: =IFERROR(AVERAGEIFS(DATA!$S$2:$S$1001,DATA!$E$2:$E$1001,$B10),"-") -> 2.4444444 | M10: =IF(D10=0,"Belum isi","")
A11: 7 | B11: =PROGRES!B8 -> CIREBON | C11: =PROGRES!C8 -> 8 | D11: =COUNTIF(DATA!$E$2:$E$1001,$B11) -> 7 | E11: =IFERROR(D11/C11,0) -> 0.875 | F11: =COUNTIFS(DATA!$E$2:$E$1001,$B11,DATA!$H$2:$H$1001,"BM") -> 1 | G11: =COUNTIFS(DATA!$E$2:$E$1001,$B11,DATA!$H$2:$H$1001,"CRO") -> 5 | H11: =COUNTIFS(DATA!$E$2:$E$1001,$B11,DATA!$H$2:$H$1001,"BAO") -> 1 | I11: =IF($D11=0,"-",COUNTIFS(DATA!$E$2:$E$1001,$B11,DATA!$I$2:$I$1001,"MUDAH")/$D11) -> 0.85714286 | J11: =IF($D11=0,"-",COUNTIFS(DATA!$E$2:$E$1001,$B11,DATA!$J$2:$J$1001,"YA")/$D11) -> 0.71428571 | K11: =IF($D11=0,"-",COUNTIFS(DATA!$E$2:$E$1001,$B11,DATA!$K$2:$K$1001,"MUDAH")/$D11) -> 0.57142857 | L11: =IFERROR(AVERAGEIFS(DATA!$S$2:$S$1001,DATA!$E$2:$E$1001,$B11),"-") -> 2.7142857 | M11: =IF(D11=0,"Belum isi","")
A12: 8 | B12: =PROGRES!B9 -> INDRAMAYU | C12: =PROGRES!C9 -> 6 | D12: =COUNTIF(DATA!$E$2:$E$1001,$B12) -> 0 | E12: =IFERROR(D12/C12,0) -> 0 | F12: =COUNTIFS(DATA!$E$2:$E$1001,$B12,DATA!$H$2:$H$1001,"BM") -> 0 | G12: =COUNTIFS(DATA!$E$2:$E$1001,$B12,DATA!$H$2:$H$1001,"CRO") -> 0 | H12: =COUNTIFS(DATA!$E$2:$E$1001,$B12,DATA!$H$2:$H$1001,"BAO") -> 0 | I12: =IF($D12=0,"-",COUNTIFS(DATA!$E$2:$E$1001,$B12,DATA!$I$2:$I$1001,"MUDAH")/$D12) -> - | J12: =IF($D12=0,"-",COUNTIFS(DATA!$E$2:$E$1001,$B12,DATA!$J$2:$J$1001,"YA")/$D12) -> - | K12: =IF($D12=0,"-",COUNTIFS(DATA!$E$2:$E$1001,$B12,DATA!$K$2:$K$1001,"MUDAH")/$D12) -> - | L12: =IFERROR(AVERAGEIFS(DATA!$S$2:$S$1001,DATA!$E$2:$E$1001,$B12),"-") -> - | M12: =IF(D12=0,"Belum isi","") -> Belum isi
A13: 9 | B13: =PROGRES!B10 -> KARAWANG | C13: =PROGRES!C10 -> 5 | D13: =COUNTIF(DATA!$E$2:$E$1001,$B13) -> 1 | E13: =IFERROR(D13/C13,0) -> 0.2 | F13: =COUNTIFS(DATA!$E$2:$E$1001,$B13,DATA!$H$2:$H$1001,"BM") -> 1 | G13: =COUNTIFS(DATA!$E$2:$E$1001,$B13,DATA!$H$2:$H$1001,"CRO") -> 0 | H13: =COUNTIFS(DATA!$E$2:$E$1001,$B13,DATA!$H$2:$H$1001,"BAO") -> 0 | I13: =IF($D13=0,"-",COUNTIFS(DATA!$E$2:$E$1001,$B13,DATA!$I$2:$I$1001,"MUDAH")/$D13) -> 1 | J13: =IF($D13=0,"-",COUNTIFS(DATA!$E$2:$E$1001,$B13,DATA!$J$2:$J$1001,"YA")/$D13) -> 1 | K13: =IF($D13=0,"-",COUNTIFS(DATA!$E$2:$E$1001,$B13,DATA!$K$2:$K$1001,"MUDAH")/$D13) -> 1 | L13: =IFERROR(AVERAGEIFS(DATA!$S$2:$S$1001,DATA!$E$2:$E$1001,$B13),"-") -> 3 | M13: =IF(D13=0,"Belum isi","")
A14: 10 | B14: =PROGRES!B11 -> MAJALENGKA | C14: =PROGRES!C11 -> 5 | D14: =COUNTIF(DATA!$E$2:$E$1001,$B14) -> 4 | E14: =IFERROR(D14/C14,0) -> 0.8 | F14: =COUNTIFS(DATA!$E$2:$E$1001,$B14,DATA!$H$2:$H$1001,"BM") -> 1 | G14: =COUNTIFS(DATA!$E$2:$E$1001,$B14,DATA!$H$2:$H$1001,"CRO") -> 2 | H14: =COUNTIFS(DATA!$E$2:$E$1001,$B14,DATA!$H$2:$H$1001,"BAO") -> 1 | I14: =IF($D14=0,"-",COUNTIFS(DATA!$E$2:$E$1001,$B14,DATA!$I$2:$I$1001,"MUDAH")/$D14) -> 0.75 | J14: =IF($D14=0,"-",COUNTIFS(DATA!$E$2:$E$1001,$B14,DATA!$J$2:$J$1001,"YA")/$D14) -> 1 | K14: =IF($D14=0,"-",COUNTIFS(DATA!$E$2:$E$1001,$B14,DATA!$K$2:$K$1001,"MUDAH")/$D14) -> 0.25 | L14: =IFERROR(AVERAGEIFS(DATA!$S$2:$S$1001,DATA!$E$2:$E$1001,$B14),"-") -> 2.6666667 | M14: =IF(D14=0,"Belum isi","")
A15: 11 | B15: =PROGRES!B12 -> PADALARANG | C15: =PROGRES!C12 -> 3 | D15: =COUNTIF(DATA!$E$2:$E$1001,$B15) -> 0 | E15: =IFERROR(D15/C15,0) -> 0 | F15: =COUNTIFS(DATA!$E$2:$E$1001,$B15,DATA!$H$2:$H$1001,"BM") -> 0 | G15: =COUNTIFS(DATA!$E$2:$E$1001,$B15,DATA!$H$2:$H$1001,"CRO") -> 0 | H15: =COUNTIFS(DATA!$E$2:$E$1001,$B15,DATA!$H$2:$H$1001,"BAO") -> 0 | I15: =IF($D15=0,"-",COUNTIFS(DATA!$E$2:$E$1001,$B15,DATA!$I$2:$I$1001,"MUDAH")/$D15) -> - | J15: =IF($D15=0,"-",COUNTIFS(DATA!$E$2:$E$1001,$B15,DATA!$J$2:$J$1001,"YA")/$D15) -> - | K15: =IF($D15=0,"-",COUNTIFS(DATA!$E$2:$E$1001,$B15,DATA!$K$2:$K$1001,"MUDAH")/$D15) -> - | L15: =IFERROR(AVERAGEIFS(DATA!$S$2:$S$1001,DATA!$E$2:$E$1001,$B15),"-") -> - | M15: =IF(D15=0,"Belum isi","") -> Belum isi
A16: 12 | B16: =PROGRES!B13 -> SUBANG | C16: =PROGRES!C13 -> 4 | D16: =COUNTIF(DATA!$E$2:$E$1001,$B16) -> 4 | E16: =IFERROR(D16/C16,0) -> 1 | F16: =COUNTIFS(DATA!$E$2:$E$1001,$B16,DATA!$H$2:$H$1001,"BM") -> 1 | G16: =COUNTIFS(DATA!$E$2:$E$1001,$B16,DATA!$H$2:$H$1001,"CRO") -> 2 | H16: =COUNTIFS(DATA!$E$2:$E$1001,$B16,DATA!$H$2:$H$1001,"BAO") -> 1 | I16: =IF($D16=0,"-",COUNTIFS(DATA!$E$2:$E$1001,$B16,DATA!$I$2:$I$1001,"MUDAH")/$D16) -> 0.25 | J16: =IF($D16=0,"-",COUNTIFS(DATA!$E$2:$E$1001,$B16,DATA!$J$2:$J$1001,"YA")/$D16) -> 0.5 | K16: =IF($D16=0,"-",COUNTIFS(DATA!$E$2:$E$1001,$B16,DATA!$K$2:$K$1001,"MUDAH")/$D16) -> 0.5 | L16: =IFERROR(AVERAGEIFS(DATA!$S$2:$S$1001,DATA!$E$2:$E$1001,$B16),"-") -> 2.4166667 | M16: =IF(D16=0,"Belum isi","")
... A25: 21 | B25: =PROGRES!B22 -> TANGERANG | C25: =PROGRES!C22 -> 6 | D25: =COUNTIF(DATA!$E$2:$E$1001,$B25) -> 2 | E25: =IFERROR(D25/C25,0) -> 0.33333333 | F25: =COUNTIFS(DATA!$E$2:$E$1001,$B25,DATA!$H$2:$H$1001,"BM") -> 0 | G25: =COUNTIFS(DATA!$E$2:$E$1001,$B25,DATA!$H$2:$H$1001,"CRO") -> 2 | H25: =COUNTIFS(DATA!$E$2:$E$1001,$B25,DATA!$H$2:$H$1001,"BAO") -> 0 | I25: =IF($D25=0,"-",COUNTIFS(DATA!$E$2:$E$1001,$B25,DATA!$I$2:$I$1001,"MUDAH")/$D25) -> 1 | J25: =IF($D25=0,"-",COUNTIFS(DATA!$E$2:$E$1001,$B25,DATA!$J$2:$J$1001,"YA")/$D25) -> 0.5 | K25: =IF($D25=0,"-",COUNTIFS(DATA!$E$2:$E$1001,$B25,DATA!$K$2:$K$1001,"MUDAH")/$D25) -> 0 | L25: =IFERROR(AVERAGEIFS(DATA!$S$2:$S$1001,DATA!$E$2:$E$1001,$B25),"-") -> 2.5 | M25: =IF(D25=0,"Belum isi","")
B26: Subtotal Jawa Barat | C26: =SUM(C5:C25) -> 99 | D26: =SUM(D5:D25) -> 48 | E26: =IFERROR(D26/C26,0) -> 0.48484848 | F26: =SUM(F5:F25) -> 11 | G26: =SUM(G5:G25) -> 29 | H26: =SUM(H5:H25) -> 8 | I26: =IFERROR(COUNTIFS(DATA!$F$2:$F$1001,"Jawa Barat",DATA!$I$2:$I$1001,"MUDAH")/$D26,"-") -> 0.6875 | J26: =IFERROR(COUNTIFS(DATA!$F$2:$F$1001,"Jawa Barat",DATA!$J$2:$J$1001,"YA")/$D26,"-") -> 0.66666667 | K26: =IFERROR(COUNTIFS(DATA!$F$2:$F$1001,"Jawa Barat",DATA!$K$2:$K$1001,"MUDAH")/$D26,"-") -> 0.47916667 | L26: =IFERROR(AVERAGEIFS(DATA!$S$2:$S$1001,DATA!$F$2:$F$1001,"Jawa Barat"),"-") -> 2.5972222 | M26: =COUNTIF(M5:M25,"Belum isi")&" cabang belum isi" -> 8 cabang belum isi
A28: JAWA TENGAH
A29: 1 | B29: =PROGRES!B23 -> BLORA | C29: =PROGRES!C23 -> 5 | D29: =COUNTIF(DATA!$E$2:$E$1001,$B29) -> 4 | E29: =IFERROR(D29/C29,0) -> 0.8 | F29: =COUNTIFS(DATA!$E$2:$E$1001,$B29,DATA!$H$2:$H$1001,"BM") -> 1 | G29: =COUNTIFS(DATA!$E$2:$E$1001,$B29,DATA!$H$2:$H$1001,"CRO") -> 2 | H29: =COUNTIFS(DATA!$E$2:$E$1001,$B29,DATA!$H$2:$H$1001,"BAO") -> 1 | I29: =IF($D29=0,"-",COUNTIFS(DATA!$E$2:$E$1001,$B29,DATA!$I$2:$I$1001,"MUDAH")/$D29) -> 0.5 | J29: =IF($D29=0,"-",COUNTIFS(DATA!$E$2:$E$1001,$B29,DATA!$J$2:$J$1001,"YA")/$D29) -> 0.5 | K29: =IF($D29=0,"-",COUNTIFS(DATA!$E$2:$E$1001,$B29,DATA!$K$2:$K$1001,"MUDAH")/$D29) -> 0.5 | L29: =IFERROR(AVERAGEIFS(DATA!$S$2:$S$1001,DATA!$E$2:$E$1001,$B29),"-") -> 2.5 | M29: =IF(D29=0,"Belum isi","")
A30: 2 | B30: =PROGRES!B24 -> CEPU | C30: =PROGRES!C24 -> 2 | D30: =COUNTIF(DATA!$E$2:$E$1001,$B30) -> 3 | E30: =IFERROR(D30/C30,0) -> 1.5 | F30: =COUNTIFS(DATA!$E$2:$E$1001,$B30,DATA!$H$2:$H$1001,"BM") -> 1 | G30: =COUNTIFS(DATA!$E$2:$E$1001,$B30,DATA!$H$2:$H$1001,"CRO") -> 1 | H30: =COUNTIFS(DATA!$E$2:$E$1001,$B30,DATA!$H$2:$H$1001,"BAO") -> 1 | I30: =IF($D30=0,"-",COUNTIFS(DATA!$E$2:$E$1001,$B30,DATA!$I$2:$I$1001,"MUDAH")/$D30) -> 0.66666667 | J30: =IF($D30=0,"-",COUNTIFS(DATA!$E$2:$E$1001,$B30,DATA!$J$2:$J$1001,"YA")/$D30) -> 0.66666667 | K30: =IF($D30=0,"-",COUNTIFS(DATA!$E$2:$E$1001,$B30,DATA!$K$2:$K$1001,"MUDAH")/$D30) -> 0.66666667 | L30: =IFERROR(AVERAGEIFS(DATA!$S$2:$S$1001,DATA!$E$2:$E$1001,$B30),"-") -> 2.6666667 | M30: =IF(D30=0,"Belum isi","")
A31: 3 | B31: =PROGRES!B25 -> DEMAK | C31: =PROGRES!C25 -> 5 | D31: =COUNTIF(DATA!$E$2:$E$1001,$B31) -> 0 | E31: =IFERROR(D31/C31,0) -> 0 | F31: =COUNTIFS(DATA!$E$2:$E$1001,$B31,DATA!$H$2:$H$1001,"BM") -> 0 | G31: =COUNTIFS(DATA!$E$2:$E$1001,$B31,DATA!$H$2:$H$1001,"CRO") -> 0 | H31: =COUNTIFS(DATA!$E$2:$E$1001,$B31,DATA!$H$2:$H$1001,"BAO") -> 0 | I31: =IF($D31=0,"-",COUNTIFS(DATA!$E$2:$E$1001,$B31,DATA!$I$2:$I$1001,"MUDAH")/$D31) -> - | J31: =IF($D31=0,"-",COUNTIFS(DATA!$E$2:$E$1001,$B31,DATA!$J$2:$J$1001,"YA")/$D31) -> - | K31: =IF($D31=0,"-",COUNTIFS(DATA!$E$2:$E$1001,$B31,DATA!$K$2:$K$1001,"MUDAH")/$D31) -> - | L31: =IFERROR(AVERAGEIFS(DATA!$S$2:$S$1001,DATA!$E$2:$E$1001,$B31),"-") -> - | M31: =IF(D31=0,"Belum isi","") -> Belum isi
A32: 4 | B32: =PROGRES!B26 -> JEPARA | C32: =PROGRES!C26 -> 4 | D32: =COUNTIF(DATA!$E$2:$E$1001,$B32) -> 0 | E32: =IFERROR(D32/C32,0) -> 0 | F32: =COUNTIFS(DATA!$E$2:$E$1001,$B32,DATA!$H$2:$H$1001,"BM") -> 0 | G32: =COUNTIFS(DATA!$E$2:$E$1001,$B32,DATA!$H$2:$H$1001,"CRO") -> 0 | H32: =COUNTIFS(DATA!$E$2:$E$1001,$B32,DATA!$H$2:$H$1001,"BAO") -> 0 | I32: =IF($D32=0,"-",COUNTIFS(DATA!$E$2:$E$1001,$B32,DATA!$I$2:$I$1001,"MUDAH")/$D32) -> - | J32: =IF($D32=0,"-",COUNTIFS(DATA!$E$2:$E$1001,$B32,DATA!$J$2:$J$1001,"YA")/$D32) -> - | K32: =IF($D32=0,"-",COUNTIFS(DATA!$E$2:$E$1001,$B32,DATA!$K$2:$K$1001,"MUDAH")/$D32) -> - | L32: =IFERROR(AVERAGEIFS(DATA!$S$2:$S$1001,DATA!$E$2:$E$1001,$B32),"-") -> - | M32: =IF(D32=0,"Belum isi","") -> Belum isi
A33: 5 | B33: =PROGRES!B27 -> KENDAL | C33: =PROGRES!C27 -> 4 | D33: =COUNTIF(DATA!$E$2:$E$1001,$B33) -> 0 | E33: =IFERROR(D33/C33,0) -> 0 | F33: =COUNTIFS(DATA!$E$2:$E$1001,$B33,DATA!$H$2:$H$1001,"BM") -> 0 | G33: =COUNTIFS(DATA!$E$2:$E$1001,$B33,DATA!$H$2:$H$1001,"CRO") -> 0 | H33: =COUNTIFS(DATA!$E$2:$E$1001,$B33,DATA!$H$2:$H$1001,"BAO") -> 0 | I33: =IF($D33=0,"-",COUNTIFS(DATA!$E$2:$E$1001,$B33,DATA!$I$2:$I$1001,"MUDAH")/$D33) -> - | J33: =IF($D33=0,"-",COUNTIFS(DATA!$E$2:$E$1001,$B33,DATA!$J$2:$J$1001,"YA")/$D33) -> - | K33: =IF($D33=0,"-",COUNTIFS(DATA!$E$2:$E$1001,$B33,DATA!$K$2:$K$1001,"MUDAH")/$D33) -> - | L33: =IFERROR(AVERAGEIFS(DATA!$S$2:$S$1001,DATA!$E$2:$E$1001,$B33),"-") -> - | M33: =IF(D33=0,"Belum isi","") -> Belum isi
A34: 6 | B34: =PROGRES!B28 -> PATI | C34: =PROGRES!C28 -> 5 | D34: =COUNTIF(DATA!$E$2:$E$1001,$B34) -> 3 | E34: =IFERROR(D34/C34,0) -> 0.6 | F34: =COUNTIFS(DATA!$E$2:$E$1001,$B34,DATA!$H$2:$H$1001,"BM") -> 1 | G34: =COUNTIFS(DATA!$E$2:$E$1001,$B34,DATA!$H$2:$H$1001,"CRO") -> 2 | H34: =COUNTIFS(DATA!$E$2:$E$1001,$B34,DATA!$H$2:$H$1001,"BAO") -> 0 | I34: =IF($D34=0,"-",COUNTIFS(DATA!$E$2:$E$1001,$B34,DATA!$I$2:$I$1001,"MUDAH")/$D34) -> 1 | J34: =IF($D34=0,"-",COUNTIFS(DATA!$E$2:$E$1001,$B34,DATA!$J$2:$J$1001,"YA")/$D34) -> 0 | K34: =IF($D34=0,"-",COUNTIFS(DATA!$E$2:$E$1001,$B34,DATA!$K$2:$K$1001,"MUDAH")/$D34) -> 0.66666667 | L34: =IFERROR(AVERAGEIFS(DATA!$S$2:$S$1001,DATA!$E$2:$E$1001,$B34),"-") -> 2.5555556 | M34: =IF(D34=0,"Belum isi","")
A35: 7 | B35: =PROGRES!B29 -> PEKALONGAN | C35: =PROGRES!C29 -> 5 | D35: =COUNTIF(DATA!$E$2:$E$1001,$B35) -> 5 | E35: =IFERROR(D35/C35,0) -> 1 | F35: =COUNTIFS(DATA!$E$2:$E$1001,$B35,DATA!$H$2:$H$1001,"BM") -> 1 | G35: =COUNTIFS(DATA!$E$2:$E$1001,$B35,DATA!$H$2:$H$1001,"CRO") -> 3 | H35: =COUNTIFS(DATA!$E$2:$E$1001,$B35,DATA!$H$2:$H$1001,"BAO") -> 1 | I35: =IF($D35=0,"-",COUNTIFS(DATA!$E$2:$E$1001,$B35,DATA!$I$2:$I$1001,"MUDAH")/$D35) -> 0.8 | J35: =IF($D35=0,"-",COUNTIFS(DATA!$E$2:$E$1001,$B35,DATA!$J$2:$J$1001,"YA")/$D35) -> 0.6 | K35: =IF($D35=0,"-",COUNTIFS(DATA!$E$2:$E$1001,$B35,DATA!$K$2:$K$1001,"MUDAH")/$D35) -> 0.8 | L35: =IFERROR(AVERAGEIFS(DATA!$S$2:$S$1001,DATA!$E$2:$E$1001,$B35),"-") -> 2.7333333 | M35: =IF(D35=0,"Belum isi","")
A36: 8 | B36: =PROGRES!B30 -> PURWODADI | C36: =PROGRES!C30 -> 6 | D36: =COUNTIF(DATA!$E$2:$E$1001,$B36) -> 0 | E36: =IFERROR(D36/C36,0) -> 0 | F36: =COUNTIFS(DATA!$E$2:$E$1001,$B36,DATA!$H$2:$H$1001,"BM") -> 0 | G36: =COUNTIFS(DATA!$E$2:$E$1001,$B36,DATA!$H$2:$H$1001,"CRO") -> 0 | H36: =COUNTIFS(DATA!$E$2:$E$1001,$B36,DATA!$H$2:$H$1001,"BAO") -> 0 | I36: =IF($D36=0,"-",COUNTIFS(DATA!$E$2:$E$1001,$B36,DATA!$I$2:$I$1001,"MUDAH")/$D36) -> - | J36: =IF($D36=0,"-",COUNTIFS(DATA!$E$2:$E$1001,$B36,DATA!$J$2:$J$1001,"YA")/$D36) -> - | K36: =IF($D36=0,"-",COUNTIFS(DATA!$E$2:$E$1001,$B36,DATA!$K$2:$K$1001,"MUDAH")/$D36) -> - | L36: =IFERROR(AVERAGEIFS(DATA!$S$2:$S$1001,DATA!$E$2:$E$1001,$B36),"-") -> - | M36: =IF(D36=0,"Belum isi","") -> Belum isi
A37: 9 | B37: =PROGRES!B31 -> REMBANG | C37: =PROGRES!C31 -> 7 | D37: =COUNTIF(DATA!$E$2:$E$1001,$B37) -> 0 | E37: =IFERROR(D37/C37,0) -> 0 | F37: =COUNTIFS(DATA!$E$2:$E$1001,$B37,DATA!$H$2:$H$1001,"BM") -> 0 | G37: =COUNTIFS(DATA!$E$2:$E$1001,$B37,DATA!$H$2:$H$1001,"CRO") -> 0 | H37: =COUNTIFS(DATA!$E$2:$E$1001,$B37,DATA!$H$2:$H$1001,"BAO") -> 0 | I37: =IF($D37=0,"-",COUNTIFS(DATA!$E$2:$E$1001,$B37,DATA!$I$2:$I$1001,"MUDAH")/$D37) -> - | J37: =IF($D37=0,"-",COUNTIFS(DATA!$E$2:$E$1001,$B37,DATA!$J$2:$J$1001,"YA")/$D37) -> - | K37: =IF($D37=0,"-",COUNTIFS(DATA!$E$2:$E$1001,$B37,DATA!$K$2:$K$1001,"MUDAH")/$D37) -> - | L37: =IFERROR(AVERAGEIFS(DATA!$S$2:$S$1001,DATA!$E$2:$E$1001,$B37),"-") -> - | M37: =IF(D37=0,"Belum isi","") -> Belum isi
A38: 10 | B38: =PROGRES!B32 -> SALATIGA | C38: =PROGRES!C32 -> 7 | D38: =COUNTIF(DATA!$E$2:$E$1001,$B38) -> 5 | E38: =IFERROR(D38/C38,0) -> 0.71428571 | F38: =COUNTIFS(DATA!$E$2:$E$1001,$B38,DATA!$H$2:$H$1001,"BM") -> 1 | G38: =COUNTIFS(DATA!$E$2:$E$1001,$B38,DATA!$H$2:$H$1001,"CRO") -> 3 | H38: =COUNTIFS(DATA!$E$2:$E$1001,$B38,DATA!$H$2:$H$1001,"BAO") -> 1 | I38: =IF($D38=0,"-",COUNTIFS(DATA!$E$2:$E$1001,$B38,DATA!$I$2:$I$1001,"MUDAH")/$D38) -> 0.6 | J38: =IF($D38=0,"-",COUNTIFS(DATA!$E$2:$E$1001,$B38,DATA!$J$2:$J$1001,"YA")/$D38) -> 0.6 | K38: =IF($D38=0,"-",COUNTIFS(DATA!$E$2:$E$1001,$B38,DATA!$K$2:$K$1001,"MUDAH")/$D38) -> 0.4 | L38: =IFERROR(AVERAGEIFS(DATA!$S$2:$S$1001,DATA!$E$2:$E$1001,$B38),"-") -> 2.5333333 | M38: =IF(D38=0,"Belum isi","")
A39: 11 | B39: =PROGRES!B33 -> SAYUNG | C39: =PROGRES!C33 -> 9 | D39: =COUNTIF(DATA!$E$2:$E$1001,$B39) -> 5 | E39: =IFERROR(D39/C39,0) -> 0.55555556 | F39: =COUNTIFS(DATA!$E$2:$E$1001,$B39,DATA!$H$2:$H$1001,"BM") -> 1 | G39: =COUNTIFS(DATA!$E$2:$E$1001,$B39,DATA!$H$2:$H$1001,"CRO") -> 3 | H39: =COUNTIFS(DATA!$E$2:$E$1001,$B39,DATA!$H$2:$H$1001,"BAO") -> 1 | I39: =IF($D39=0,"-",COUNTIFS(DATA!$E$2:$E$1001,$B39,DATA!$I$2:$I$1001,"MUDAH")/$D39) -> 0.4 | J39: =IF($D39=0,"-",COUNTIFS(DATA!$E$2:$E$1001,$B39,DATA!$J$2:$J$1001,"YA")/$D39) -> 0.6 | K39: =IF($D39=0,"-",COUNTIFS(DATA!$E$2:$E$1001,$B39,DATA!$K$2:$K$1001,"MUDAH")/$D39) -> 0.6 | L39: =IFERROR(AVERAGEIFS(DATA!$S$2:$S$1001,DATA!$E$2:$E$1001,$B39),"-") -> 2.5333333 | M39: =IF(D39=0,"Belum isi","")
A40: 12 | B40: =PROGRES!B34 -> TEGAL | C40: =PROGRES!C34 -> 5 | D40: =COUNTIF(DATA!$E$2:$E$1001,$B40) -> 0 | E40: =IFERROR(D40/C40,0) -> 0 | F40: =COUNTIFS(DATA!$E$2:$E$1001,$B40,DATA!$H$2:$H$1001,"BM") -> 0 | G40: =COUNTIFS(DATA!$E$2:$E$1001,$B40,DATA!$H$2:$H$1001,"CRO") -> 0 | H40: =COUNTIFS(DATA!$E$2:$E$1001,$B40,DATA!$H$2:$H$1001,"BAO") -> 0 | I40: =IF($D40=0,"-",COUNTIFS(DATA!$E$2:$E$1001,$B40,DATA!$I$2:$I$1001,"MUDAH")/$D40) -> - | J40: =IF($D40=0,"-",COUNTIFS(DATA!$E$2:$E$1001,$B40,DATA!$J$2:$J$1001,"YA")/$D40) -> - | K40: =IF($D40=0,"-",COUNTIFS(DATA!$E$2:$E$1001,$B40,DATA!$K$2:$K$1001,"MUDAH")/$D40) -> - | L40: =IFERROR(AVERAGEIFS(DATA!$S$2:$S$1001,DATA!$E$2:$E$1001,$B40),"-") -> - | M40: =IF(D40=0,"Belum isi","") -> Belum isi
... A56: 28 | B56: =PROGRES!B50 -> WONOGIRI | C56: =PROGRES!C50 -> 5 | D56: =COUNTIF(DATA!$E$2:$E$1001,$B56) -> 3 | E56: =IFERROR(D56/C56,0) -> 0.6 | F56: =COUNTIFS(DATA!$E$2:$E$1001,$B56,DATA!$H$2:$H$1001,"BM") -> 1 | G56: =COUNTIFS(DATA!$E$2:$E$1001,$B56,DATA!$H$2:$H$1001,"CRO") -> 1 | H56: =COUNTIFS(DATA!$E$2:$E$1001,$B56,DATA!$H$2:$H$1001,"BAO") -> 1 | I56: =IF($D56=0,"-",COUNTIFS(DATA!$E$2:$E$1001,$B56,DATA!$I$2:$I$1001,"MUDAH")/$D56) -> 1 | J56: =IF($D56=0,"-",COUNTIFS(DATA!$E$2:$E$1001,$B56,DATA!$J$2:$J$1001,"YA")/$D56) -> 1 | K56: =IF($D56=0,"-",COUNTIFS(DATA!$E$2:$E$1001,$B56,DATA!$K$2:$K$1001,"MUDAH")/$D56) -> 0.66666667 | L56: =IFERROR(AVERAGEIFS(DATA!$S$2:$S$1001,DATA!$E$2:$E$1001,$B56),"-") -> 2.8888889 | M56: =IF(D56=0,"Belum isi","")
B57: Subtotal Jawa Tengah | C57: =SUM(C29:C56) -> 158 | D57: =SUM(D29:D56) -> 92 | E57: =IFERROR(D57/C57,0) -> 0.58227848 | F57: =SUM(F29:F56) -> 22 | G57: =SUM(G29:G56) -> 50 | H57: =SUM(H29:H56) -> 20 | I57: =IFERROR(COUNTIFS(DATA!$F$2:$F$1001,"Jawa Tengah",DATA!$I$2:$I$1001,"MUDAH")/$D57,"-") -> 0.5326087 | J57: =IFERROR(COUNTIFS(DATA!$F$2:$F$1001,"Jawa Tengah",DATA!$J$2:$J$1001,"YA")/$D57,"-") -> 0.5326087 | K57: =IFERROR(COUNTIFS(DATA!$F$2:$F$1001,"Jawa Tengah",DATA!$K$2:$K$1001,"MUDAH")/$D57,"-") -> 0.52173913 | L57: =IFERROR(AVERAGEIFS(DATA!$S$2:$S$1001,DATA!$F$2:$F$1001,"Jawa Tengah"),"-") -> 2.5253623 | M57: =COUNTIF(M29:M56,"Belum isi")&" cabang belum isi" -> 6 cabang belum isi
A59: JAWA TIMUR
A60: 1 | B60: =PROGRES!B51 -> GOLOMANTUNG | C60: =PROGRES!C51 -> 6 | D60: =COUNTIF(DATA!$E$2:$E$1001,$B60) -> 4 | E60: =IFERROR(D60/C60,0) -> 0.66666667 | F60: =COUNTIFS(DATA!$E$2:$E$1001,$B60,DATA!$H$2:$H$1001,"BM") -> 1 | G60: =COUNTIFS(DATA!$E$2:$E$1001,$B60,DATA!$H$2:$H$1001,"CRO") -> 2 | H60: =COUNTIFS(DATA!$E$2:$E$1001,$B60,DATA!$H$2:$H$1001,"BAO") -> 1 | I60: =IF($D60=0,"-",COUNTIFS(DATA!$E$2:$E$1001,$B60,DATA!$I$2:$I$1001,"MUDAH")/$D60) -> 0.75 | J60: =IF($D60=0,"-",COUNTIFS(DATA!$E$2:$E$1001,$B60,DATA!$J$2:$J$1001,"YA")/$D60) -> 0.75 | K60: =IF($D60=0,"-",COUNTIFS(DATA!$E$2:$E$1001,$B60,DATA!$K$2:$K$1001,"MUDAH")/$D60) -> 0.75 | L60: =IFERROR(AVERAGEIFS(DATA!$S$2:$S$1001,DATA!$E$2:$E$1001,$B60),"-") -> 2.6666667 | M60: =IF(D60=0,"Belum isi","")
A61: 2 | B61: =PROGRES!B52 -> MOJOKERTO | C61: =PROGRES!C52 -> 6 | D61: =COUNTIF(DATA!$E$2:$E$1001,$B61) -> 0 | E61: =IFERROR(D61/C61,0) -> 0 | F61: =COUNTIFS(DATA!$E$2:$E$1001,$B61,DATA!$H$2:$H$1001,"BM") -> 0 | G61: =COUNTIFS(DATA!$E$2:$E$1001,$B61,DATA!$H$2:$H$1001,"CRO") -> 0 | H61: =COUNTIFS(DATA!$E$2:$E$1001,$B61,DATA!$H$2:$H$1001,"BAO") -> 0 | I61: =IF($D61=0,"-",COUNTIFS(DATA!$E$2:$E$1001,$B61,DATA!$I$2:$I$1001,"MUDAH")/$D61) -> - | J61: =IF($D61=0,"-",COUNTIFS(DATA!$E$2:$E$1001,$B61,DATA!$J$2:$J$1001,"YA")/$D61) -> - | K61: =IF($D61=0,"-",COUNTIFS(DATA!$E$2:$E$1001,$B61,DATA!$K$2:$K$1001,"MUDAH")/$D61) -> - | L61: =IFERROR(AVERAGEIFS(DATA!$S$2:$S$1001,DATA!$E$2:$E$1001,$B61),"-") -> - | M61: =IF(D61=0,"Belum isi","") -> Belum isi
A62: 3 | B62: =PROGRES!B53 -> PAMEKASAN | C62: =PROGRES!C53 -> 5 | D62: =COUNTIF(DATA!$E$2:$E$1001,$B62) -> 1 | E62: =IFERROR(D62/C62,0) -> 0.2 | F62: =COUNTIFS(DATA!$E$2:$E$1001,$B62,DATA!$H$2:$H$1001,"BM") -> 0 | G62: =COUNTIFS(DATA!$E$2:$E$1001,$B62,DATA!$H$2:$H$1001,"CRO") -> 0 | H62: =COUNTIFS(DATA!$E$2:$E$1001,$B62,DATA!$H$2:$H$1001,"BAO") -> 1 | I62: =IF($D62=0,"-",COUNTIFS(DATA!$E$2:$E$1001,$B62,DATA!$I$2:$I$1001,"MUDAH")/$D62) -> 1 | J62: =IF($D62=0,"-",COUNTIFS(DATA!$E$2:$E$1001,$B62,DATA!$J$2:$J$1001,"YA")/$D62) -> 1 | K62: =IF($D62=0,"-",COUNTIFS(DATA!$E$2:$E$1001,$B62,DATA!$K$2:$K$1001,"MUDAH")/$D62) -> 1 | L62: =IFERROR(AVERAGEIFS(DATA!$S$2:$S$1001,DATA!$E$2:$E$1001,$B62),"-") -> 3 | M62: =IF(D62=0,"Belum isi","")
A63: 4 | B63: =PROGRES!B54 -> SAMPANG | C63: =PROGRES!C54 -> 5 | D63: =COUNTIF(DATA!$E$2:$E$1001,$B63) -> 2 | E63: =IFERROR(D63/C63,0) -> 0.4 | F63: =COUNTIFS(DATA!$E$2:$E$1001,$B63,DATA!$H$2:$H$1001,"BM") -> 1 | G63: =COUNTIFS(DATA!$E$2:$E$1001,$B63,DATA!$H$2:$H$1001,"CRO") -> 0 | H63: =COUNTIFS(DATA!$E$2:$E$1001,$B63,DATA!$H$2:$H$1001,"BAO") -> 1 | I63: =IF($D63=0,"-",COUNTIFS(DATA!$E$2:$E$1001,$B63,DATA!$I$2:$I$1001,"MUDAH")/$D63) -> 0.5 | J63: =IF($D63=0,"-",COUNTIFS(DATA!$E$2:$E$1001,$B63,DATA!$J$2:$J$1001,"YA")/$D63) -> 1 | K63: =IF($D63=0,"-",COUNTIFS(DATA!$E$2:$E$1001,$B63,DATA!$K$2:$K$1001,"MUDAH")/$D63) -> 0.5 | L63: =IFERROR(AVERAGEIFS(DATA!$S$2:$S$1001,DATA!$E$2:$E$1001,$B63),"-") -> 2.6666667 | M63: =IF(D63=0,"Belum isi","")
A64: 5 | B64: =PROGRES!B55 -> SIDAYU | C64: =PROGRES!C55 -> 5 | D64: =COUNTIF(DATA!$E$2:$E$1001,$B64) -> 2 | E64: =IFERROR(D64/C64,0) -> 0.4 | F64: =COUNTIFS(DATA!$E$2:$E$1001,$B64,DATA!$H$2:$H$1001,"BM") -> 1 | G64: =COUNTIFS(DATA!$E$2:$E$1001,$B64,DATA!$H$2:$H$1001,"CRO") -> 1 | H64: =COUNTIFS(DATA!$E$2:$E$1001,$B64,DATA!$H$2:$H$1001,"BAO") -> 0 | I64: =IF($D64=0,"-",COUNTIFS(DATA!$E$2:$E$1001,$B64,DATA!$I$2:$I$1001,"MUDAH")/$D64) -> 0.5 | J64: =IF($D64=0,"-",COUNTIFS(DATA!$E$2:$E$1001,$B64,DATA!$J$2:$J$1001,"YA")/$D64) -> 1 | K64: =IF($D64=0,"-",COUNTIFS(DATA!$E$2:$E$1001,$B64,DATA!$K$2:$K$1001,"MUDAH")/$D64) -> 0 | L64: =IFERROR(AVERAGEIFS(DATA!$S$2:$S$1001,DATA!$E$2:$E$1001,$B64),"-") -> 2.5 | M64: =IF(D64=0,"Belum isi","")
A65: 6 | B65: =PROGRES!B56 -> SIDOARJO | C65: =PROGRES!C56 -> 8 | D65: =COUNTIF(DATA!$E$2:$E$1001,$B65) -> 0 | E65: =IFERROR(D65/C65,0) -> 0 | F65: =COUNTIFS(DATA!$E$2:$E$1001,$B65,DATA!$H$2:$H$1001,"BM") -> 0 | G65: =COUNTIFS(DATA!$E$2:$E$1001,$B65,DATA!$H$2:$H$1001,"CRO") -> 0 | H65: =COUNTIFS(DATA!$E$2:$E$1001,$B65,DATA!$H$2:$H$1001,"BAO") -> 0 | I65: =IF($D65=0,"-",COUNTIFS(DATA!$E$2:$E$1001,$B65,DATA!$I$2:$I$1001,"MUDAH")/$D65) -> - | J65: =IF($D65=0,"-",COUNTIFS(DATA!$E$2:$E$1001,$B65,DATA!$J$2:$J$1001,"YA")/$D65) -> - | K65: =IF($D65=0,"-",COUNTIFS(DATA!$E$2:$E$1001,$B65,DATA!$K$2:$K$1001,"MUDAH")/$D65) -> - | L65: =IFERROR(AVERAGEIFS(DATA!$S$2:$S$1001,DATA!$E$2:$E$1001,$B65),"-") -> - | M65: =IF(D65=0,"Belum isi","") -> Belum isi
A66: 7 | B66: =PROGRES!B57 -> SUMENEP | C66: =PROGRES!C57 -> 4 | D66: =COUNTIF(DATA!$E$2:$E$1001,$B66) -> 4 | E66: =IFERROR(D66/C66,0) -> 1 | F66: =COUNTIFS(DATA!$E$2:$E$1001,$B66,DATA!$H$2:$H$1001,"BM") -> 1 | G66: =COUNTIFS(DATA!$E$2:$E$1001,$B66,DATA!$H$2:$H$1001,"CRO") -> 2 | H66: =COUNTIFS(DATA!$E$2:$E$1001,$B66,DATA!$H$2:$H$1001,"BAO") -> 1 | I66: =IF($D66=0,"-",COUNTIFS(DATA!$E$2:$E$1001,$B66,DATA!$I$2:$I$1001,"MUDAH")/$D66) -> 0.5 | J66: =IF($D66=0,"-",COUNTIFS(DATA!$E$2:$E$1001,$B66,DATA!$J$2:$J$1001,"YA")/$D66) -> 1 | K66: =IF($D66=0,"-",COUNTIFS(DATA!$E$2:$E$1001,$B66,DATA!$K$2:$K$1001,"MUDAH")/$D66) -> 0.75 | L66: =IFERROR(AVERAGEIFS(DATA!$S$2:$S$1001,DATA!$E$2:$E$1001,$B66),"-") -> 2.75 | M66: =IF(D66=0,"Belum isi","")
A67: 8 | B67: =PROGRES!B58 -> LEGUNDI | C67: =PROGRES!C58 -> 4 | D67: =COUNTIF(DATA!$E$2:$E$1001,$B67) -> 0 | E67: =IFERROR(D67/C67,0) -> 0 | F67: =COUNTIFS(DATA!$E$2:$E$1001,$B67,DATA!$H$2:$H$1001,"BM") -> 0 | G67: =COUNTIFS(DATA!$E$2:$E$1001,$B67,DATA!$H$2:$H$1001,"CRO") -> 0 | H67: =COUNTIFS(DATA!$E$2:$E$1001,$B67,DATA!$H$2:$H$1001,"BAO") -> 0 | I67: =IF($D67=0,"-",COUNTIFS(DATA!$E$2:$E$1001,$B67,DATA!$I$2:$I$1001,"MUDAH")/$D67) -> - | J67: =IF($D67=0,"-",COUNTIFS(DATA!$E$2:$E$1001,$B67,DATA!$J$2:$J$1001,"YA")/$D67) -> - | K67: =IF($D67=0,"-",COUNTIFS(DATA!$E$2:$E$1001,$B67,DATA!$K$2:$K$1001,"MUDAH")/$D67) -> - | L67: =IFERROR(AVERAGEIFS(DATA!$S$2:$S$1001,DATA!$E$2:$E$1001,$B67),"-") -> - | M67: =IF(D67=0,"Belum isi","") -> Belum isi
A68: 9 | B68: =PROGRES!B59 -> SURABAYA | C68: =PROGRES!C59 -> 8 | D68: =COUNTIF(DATA!$E$2:$E$1001,$B68) -> 0 | E68: =IFERROR(D68/C68,0) -> 0 | F68: =COUNTIFS(DATA!$E$2:$E$1001,$B68,DATA!$H$2:$H$1001,"BM") -> 0 | G68: =COUNTIFS(DATA!$E$2:$E$1001,$B68,DATA!$H$2:$H$1001,"CRO") -> 0 | H68: =COUNTIFS(DATA!$E$2:$E$1001,$B68,DATA!$H$2:$H$1001,"BAO") -> 0 | I68: =IF($D68=0,"-",COUNTIFS(DATA!$E$2:$E$1001,$B68,DATA!$I$2:$I$1001,"MUDAH")/$D68) -> - | J68: =IF($D68=0,"-",COUNTIFS(DATA!$E$2:$E$1001,$B68,DATA!$J$2:$J$1001,"YA")/$D68) -> - | K68: =IF($D68=0,"-",COUNTIFS(DATA!$E$2:$E$1001,$B68,DATA!$K$2:$K$1001,"MUDAH")/$D68) -> - | L68: =IFERROR(AVERAGEIFS(DATA!$S$2:$S$1001,DATA!$E$2:$E$1001,$B68),"-") -> - | M68: =IF(D68=0,"Belum isi","") -> Belum isi
A69: 10 | B69: =PROGRES!B60 -> BOJONEGORO | C69: =PROGRES!C60 -> 9 | D69: =COUNTIF(DATA!$E$2:$E$1001,$B69) -> 7 | E69: =IFERROR(D69/C69,0) -> 0.77777778 | F69: =COUNTIFS(DATA!$E$2:$E$1001,$B69,DATA!$H$2:$H$1001,"BM") -> 1 | G69: =COUNTIFS(DATA!$E$2:$E$1001,$B69,DATA!$H$2:$H$1001,"CRO") -> 5 | H69: =COUNTIFS(DATA!$E$2:$E$1001,$B69,DATA!$H$2:$H$1001,"BAO") -> 1 | I69: =IF($D69=0,"-",COUNTIFS(DATA!$E$2:$E$1001,$B69,DATA!$I$2:$I$1001,"MUDAH")/$D69) -> 0.57142857 | J69: =IF($D69=0,"-",COUNTIFS(DATA!$E$2:$E$1001,$B69,DATA!$J$2:$J$1001,"YA")/$D69) -> 0.85714286 | K69: =IF($D69=0,"-",COUNTIFS(DATA!$E$2:$E$1001,$B69,DATA!$K$2:$K$1001,"MUDAH")/$D69) -> 1 | L69: =IFERROR(AVERAGEIFS(DATA!$S$2:$S$1001,DATA!$E$2:$E$1001,$B69),"-") -> 2.8095238 | M69: =IF(D69=0,"Belum isi","")
A70: 11 | B70: =PROGRES!B61 -> JOMBANG | C70: =PROGRES!C61 -> 13 | D70: =COUNTIF(DATA!$E$2:$E$1001,$B70) -> 6 | E70: =IFERROR(D70/C70,0) -> 0.46153846 | F70: =COUNTIFS(DATA!$E$2:$E$1001,$B70,DATA!$H$2:$H$1001,"BM") -> 1 | G70: =COUNTIFS(DATA!$E$2:$E$1001,$B70,DATA!$H$2:$H$1001,"CRO") -> 4 | H70: =COUNTIFS(DATA!$E$2:$E$1001,$B70,DATA!$H$2:$H$1001,"BAO") -> 1 | I70: =IF($D70=0,"-",COUNTIFS(DATA!$E$2:$E$1001,$B70,DATA!$I$2:$I$1001,"MUDAH")/$D70) -> 0.66666667 | J70: =IF($D70=0,"-",COUNTIFS(DATA!$E$2:$E$1001,$B70,DATA!$J$2:$J$1001,"YA")/$D70) -> 0.66666667 | K70: =IF($D70=0,"-",COUNTIFS(DATA!$E$2:$E$1001,$B70,DATA!$K$2:$K$1001,"MUDAH")/$D70) -> 0.66666667 | L70: =IFERROR(AVERAGEIFS(DATA!$S$2:$S$1001,DATA!$E$2:$E$1001,$B70),"-") -> 2.6666667 | M70: =IF(D70=0,"Belum isi","")
A71: 12 | B71: =PROGRES!B62 -> KEDIRI | C71: =PROGRES!C62 -> 7 | D71: =COUNTIF(DATA!$E$2:$E$1001,$B71) -> 3 | E71: =IFERROR(D71/C71,0) -> 0.42857143 | F71: =COUNTIFS(DATA!$E$2:$E$1001,$B71,DATA!$H$2:$H$1001,"BM") -> 1 | G71: =COUNTIFS(DATA!$E$2:$E$1001,$B71,DATA!$H$2:$H$1001,"CRO") -> 1 | H71: =COUNTIFS(DATA!$E$2:$E$1001,$B71,DATA!$H$2:$H$1001,"BAO") -> 1 | I71: =IF($D71=0,"-",COUNTIFS(DATA!$E$2:$E$1001,$B71,DATA!$I$2:$I$1001,"MUDAH")/$D71) -> 0.33333333 | J71: =IF($D71=0,"-",COUNTIFS(DATA!$E$2:$E$1001,$B71,DATA!$J$2:$J$1001,"YA")/$D71) -> 0.66666667 | K71: =IF($D71=0,"-",COUNTIFS(DATA!$E$2:$E$1001,$B71,DATA!$K$2:$K$1001,"MUDAH")/$D71) -> 0.33333333 | L71: =IFERROR(AVERAGEIFS(DATA!$S$2:$S$1001,DATA!$E$2:$E$1001,$B71),"-") -> 2.4444444 | M71: =IF(D71=0,"Belum isi","")
... A92: 33 | B92: =PROGRES!B83 -> BANGKALAN | C92: =PROGRES!C83 -> 5 | D92: =COUNTIF(DATA!$E$2:$E$1001,$B92) -> 2 | E92: =IFERROR(D92/C92,0) -> 0.4 | F92: =COUNTIFS(DATA!$E$2:$E$1001,$B92,DATA!$H$2:$H$1001,"BM") -> 0 | G92: =COUNTIFS(DATA!$E$2:$E$1001,$B92,DATA!$H$2:$H$1001,"CRO") -> 1 | H92: =COUNTIFS(DATA!$E$2:$E$1001,$B92,DATA!$H$2:$H$1001,"BAO") -> 1 | I92: =IF($D92=0,"-",COUNTIFS(DATA!$E$2:$E$1001,$B92,DATA!$I$2:$I$1001,"MUDAH")/$D92) -> 1 | J92: =IF($D92=0,"-",COUNTIFS(DATA!$E$2:$E$1001,$B92,DATA!$J$2:$J$1001,"YA")/$D92) -> 1 | K92: =IF($D92=0,"-",COUNTIFS(DATA!$E$2:$E$1001,$B92,DATA!$K$2:$K$1001,"MUDAH")/$D92) -> 1 | L92: =IFERROR(AVERAGEIFS(DATA!$S$2:$S$1001,DATA!$E$2:$E$1001,$B92),"-") -> 3 | M92: =IF(D92=0,"Belum isi","")
B93: Subtotal Jawa Timur | C93: =SUM(C60:C92) -> 215 | D93: =SUM(D60:D92) -> 64 | E93: =IFERROR(D93/C93,0) -> 0.29767442 | F93: =SUM(F60:F92) -> 14 | G93: =SUM(G60:G92) -> 34 | H93: =SUM(H60:H92) -> 16 | I93: =IFERROR(COUNTIFS(DATA!$F$2:$F$1001,"Jawa Timur",DATA!$I$2:$I$1001,"MUDAH")/$D93,"-") -> 0.65625 | J93: =IFERROR(COUNTIFS(DATA!$F$2:$F$1001,"Jawa Timur",DATA!$J$2:$J$1001,"YA")/$D93,"-") -> 0.828125 | K93: =IFERROR(COUNTIFS(DATA!$F$2:$F$1001,"Jawa Timur",DATA!$K$2:$K$1001,"MUDAH")/$D93,"-") -> 0.59375 | L93: =IFERROR(AVERAGEIFS(DATA!$S$2:$S$1001,DATA!$F$2:$F$1001,"Jawa Timur"),"-") -> 2.6822917 | M93: =COUNTIF(M60:M92,"Belum isi")&" cabang belum isi" -> 15 cabang belum isi
A95: LUAR PULAU
A96: 1 | B96: =PROGRES!B84 -> BALIKPAPAN | C96: =PROGRES!C84 -> 4 | D96: =COUNTIF(DATA!$E$2:$E$1001,$B96) -> 4 | E96: =IFERROR(D96/C96,0) -> 1 | F96: =COUNTIFS(DATA!$E$2:$E$1001,$B96,DATA!$H$2:$H$1001,"BM") -> 1 | G96: =COUNTIFS(DATA!$E$2:$E$1001,$B96,DATA!$H$2:$H$1001,"CRO") -> 2 | H96: =COUNTIFS(DATA!$E$2:$E$1001,$B96,DATA!$H$2:$H$1001,"BAO") -> 1 | I96: =IF($D96=0,"-",COUNTIFS(DATA!$E$2:$E$1001,$B96,DATA!$I$2:$I$1001,"MUDAH")/$D96) -> 0.75 | J96: =IF($D96=0,"-",COUNTIFS(DATA!$E$2:$E$1001,$B96,DATA!$J$2:$J$1001,"YA")/$D96) -> 0.75 | K96: =IF($D96=0,"-",COUNTIFS(DATA!$E$2:$E$1001,$B96,DATA!$K$2:$K$1001,"MUDAH")/$D96) -> 0.75 | L96: =IFERROR(AVERAGEIFS(DATA!$S$2:$S$1001,DATA!$E$2:$E$1001,$B96),"-") -> 2.75 | M96: =IF(D96=0,"Belum isi","")
A97: 2 | B97: =PROGRES!B85 -> DENPASAR | C97: =PROGRES!C85 -> 4 | D97: =COUNTIF(DATA!$E$2:$E$1001,$B97) -> 4 | E97: =IFERROR(D97/C97,0) -> 1 | F97: =COUNTIFS(DATA!$E$2:$E$1001,$B97,DATA!$H$2:$H$1001,"BM") -> 1 | G97: =COUNTIFS(DATA!$E$2:$E$1001,$B97,DATA!$H$2:$H$1001,"CRO") -> 2 | H97: =COUNTIFS(DATA!$E$2:$E$1001,$B97,DATA!$H$2:$H$1001,"BAO") -> 1 | I97: =IF($D97=0,"-",COUNTIFS(DATA!$E$2:$E$1001,$B97,DATA!$I$2:$I$1001,"MUDAH")/$D97) -> 1 | J97: =IF($D97=0,"-",COUNTIFS(DATA!$E$2:$E$1001,$B97,DATA!$J$2:$J$1001,"YA")/$D97) -> 0.75 | K97: =IF($D97=0,"-",COUNTIFS(DATA!$E$2:$E$1001,$B97,DATA!$K$2:$K$1001,"MUDAH")/$D97) -> 0.75 | L97: =IFERROR(AVERAGEIFS(DATA!$S$2:$S$1001,DATA!$E$2:$E$1001,$B97),"-") -> 2.8333333 | M97: =IF(D97=0,"Belum isi","")
A98: 3 | B98: =PROGRES!B86 -> KLUNGKUNG | C98: =PROGRES!C86 -> 5 | D98: =COUNTIF(DATA!$E$2:$E$1001,$B98) -> 5 | E98: =IFERROR(D98/C98,0) -> 1 | F98: =COUNTIFS(DATA!$E$2:$E$1001,$B98,DATA!$H$2:$H$1001,"BM") -> 1 | G98: =COUNTIFS(DATA!$E$2:$E$1001,$B98,DATA!$H$2:$H$1001,"CRO") -> 3 | H98: =COUNTIFS(DATA!$E$2:$E$1001,$B98,DATA!$H$2:$H$1001,"BAO") -> 1 | I98: =IF($D98=0,"-",COUNTIFS(DATA!$E$2:$E$1001,$B98,DATA!$I$2:$I$1001,"MUDAH")/$D98) -> 0.4 | J98: =IF($D98=0,"-",COUNTIFS(DATA!$E$2:$E$1001,$B98,DATA!$J$2:$J$1001,"YA")/$D98) -> 0.6 | K98: =IF($D98=0,"-",COUNTIFS(DATA!$E$2:$E$1001,$B98,DATA!$K$2:$K$1001,"MUDAH")/$D98) -> 0.6 | L98: =IFERROR(AVERAGEIFS(DATA!$S$2:$S$1001,DATA!$E$2:$E$1001,$B98),"-") -> 2.5333333 | M98: =IF(D98=0,"Belum isi","")
A99: 4 | B99: =PROGRES!B87 -> LOMBOK | C99: =PROGRES!C87 -> 4 | D99: =COUNTIF(DATA!$E$2:$E$1001,$B99) -> 4 | E99: =IFERROR(D99/C99,0) -> 1 | F99: =COUNTIFS(DATA!$E$2:$E$1001,$B99,DATA!$H$2:$H$1001,"BM") -> 1 | G99: =COUNTIFS(DATA!$E$2:$E$1001,$B99,DATA!$H$2:$H$1001,"CRO") -> 2 | H99: =COUNTIFS(DATA!$E$2:$E$1001,$B99,DATA!$H$2:$H$1001,"BAO") -> 1 | I99: =IF($D99=0,"-",COUNTIFS(DATA!$E$2:$E$1001,$B99,DATA!$I$2:$I$1001,"MUDAH")/$D99) -> 1 | J99: =IF($D99=0,"-",COUNTIFS(DATA!$E$2:$E$1001,$B99,DATA!$J$2:$J$1001,"YA")/$D99) -> 1 | K99: =IF($D99=0,"-",COUNTIFS(DATA!$E$2:$E$1001,$B99,DATA!$K$2:$K$1001,"MUDAH")/$D99) -> 0.75 | L99: =IFERROR(AVERAGEIFS(DATA!$S$2:$S$1001,DATA!$E$2:$E$1001,$B99),"-") -> 2.9166667 | M99: =IF(D99=0,"Belum isi","")
A100: 5 | B100: =PROGRES!B88 -> JEMBRANA | C100: =PROGRES!C88 -> 4 | D100: =COUNTIF(DATA!$E$2:$E$1001,$B100) -> 3 | E100: =IFERROR(D100/C100,0) -> 0.75 | F100: =COUNTIFS(DATA!$E$2:$E$1001,$B100,DATA!$H$2:$H$1001,"BM") -> 1 | G100: =COUNTIFS(DATA!$E$2:$E$1001,$B100,DATA!$H$2:$H$1001,"CRO") -> 1 | H100: =COUNTIFS(DATA!$E$2:$E$1001,$B100,DATA!$H$2:$H$1001,"BAO") -> 1 | I100: =IF($D100=0,"-",COUNTIFS(DATA!$E$2:$E$1001,$B100,DATA!$I$2:$I$1001,"MUDAH")/$D100) -> 0.66666667 | J100: =IF($D100=0,"-",COUNTIFS(DATA!$E$2:$E$1001,$B100,DATA!$J$2:$J$1001,"YA")/$D100) -> 0.66666667 | K100: =IF($D100=0,"-",COUNTIFS(DATA!$E$2:$E$1001,$B100,DATA!$K$2:$K$1001,"MUDAH")/$D100) -> 0.33333333 | L100: =IFERROR(AVERAGEIFS(DATA!$S$2:$S$1001,DATA!$E$2:$E$1001,$B100),"-") -> 2.5555556 | M100: =IF(D100=0,"Belum isi","")
A101: 6 | B101: =PROGRES!B89 -> SINGARAJA | C101: =PROGRES!C89 -> 4 | D101: =COUNTIF(DATA!$E$2:$E$1001,$B101) -> 4 | E101: =IFERROR(D101/C101,0) -> 1 | F101: =COUNTIFS(DATA!$E$2:$E$1001,$B101,DATA!$H$2:$H$1001,"BM") -> 1 | G101: =COUNTIFS(DATA!$E$2:$E$1001,$B101,DATA!$H$2:$H$1001,"CRO") -> 2 | H101: =COUNTIFS(DATA!$E$2:$E$1001,$B101,DATA!$H$2:$H$1001,"BAO") -> 1 | I101: =IF($D101=0,"-",COUNTIFS(DATA!$E$2:$E$1001,$B101,DATA!$I$2:$I$1001,"MUDAH")/$D101) -> 1 | J101: =IF($D101=0,"-",COUNTIFS(DATA!$E$2:$E$1001,$B101,DATA!$J$2:$J$1001,"YA")/$D101) -> 1 | K101: =IF($D101=0,"-",COUNTIFS(DATA!$E$2:$E$1001,$B101,DATA!$K$2:$K$1001,"MUDAH")/$D101) -> 0.75 | L101: =IFERROR(AVERAGEIFS(DATA!$S$2:$S$1001,DATA!$E$2:$E$1001,$B101),"-") -> 2.9166667 | M101: =IF(D101=0,"Belum isi","")
A102: 7 | B102: =PROGRES!B90 -> TABANAN | C102: =PROGRES!C90 -> 4 | D102: =COUNTIF(DATA!$E$2:$E$1001,$B102) -> 4 | E102: =IFERROR(D102/C102,0) -> 1 | F102: =COUNTIFS(DATA!$E$2:$E$1001,$B102,DATA!$H$2:$H$1001,"BM") -> 1 | G102: =COUNTIFS(DATA!$E$2:$E$1001,$B102,DATA!$H$2:$H$1001,"CRO") -> 2 | H102: =COUNTIFS(DATA!$E$2:$E$1001,$B102,DATA!$H$2:$H$1001,"BAO") -> 1 | I102: =IF($D102=0,"-",COUNTIFS(DATA!$E$2:$E$1001,$B102,DATA!$I$2:$I$1001,"MUDAH")/$D102) -> 0.75 | J102: =IF($D102=0,"-",COUNTIFS(DATA!$E$2:$E$1001,$B102,DATA!$J$2:$J$1001,"YA")/$D102) -> 0.75 | K102: =IF($D102=0,"-",COUNTIFS(DATA!$E$2:$E$1001,$B102,DATA!$K$2:$K$1001,"MUDAH")/$D102) -> 0.25 | L102: =IFERROR(AVERAGEIFS(DATA!$S$2:$S$1001,DATA!$E$2:$E$1001,$B102),"-") -> 2.5833333 | M102: =IF(D102=0,"Belum isi","")
A103: 8 | B103: =PROGRES!B91 -> BANJARMASIN | C103: =PROGRES!C91 -> 6 | D103: =COUNTIF(DATA!$E$2:$E$1001,$B103) -> 5 | E103: =IFERROR(D103/C103,0) -> 0.83333333 | F103: =COUNTIFS(DATA!$E$2:$E$1001,$B103,DATA!$H$2:$H$1001,"BM") -> 1 | G103: =COUNTIFS(DATA!$E$2:$E$1001,$B103,DATA!$H$2:$H$1001,"CRO") -> 3 | H103: =COUNTIFS(DATA!$E$2:$E$1001,$B103,DATA!$H$2:$H$1001,"BAO") -> 1 | I103: =IF($D103=0,"-",COUNTIFS(DATA!$E$2:$E$1001,$B103,DATA!$I$2:$I$1001,"MUDAH")/$D103) -> 0.8 | J103: =IF($D103=0,"-",COUNTIFS(DATA!$E$2:$E$1001,$B103,DATA!$J$2:$J$1001,"YA")/$D103) -> 1 | K103: =IF($D103=0,"-",COUNTIFS(DATA!$E$2:$E$1001,$B103,DATA!$K$2:$K$1001,"MUDAH")/$D103) -> 0.8 | L103: =IFERROR(AVERAGEIFS(DATA!$S$2:$S$1001,DATA!$E$2:$E$1001,$B103),"-") -> 2.8666667 | M103: =IF(D103=0,"Belum isi","")
A104: 9 | B104: =PROGRES!B92 -> SAMARINDA | C104: =PROGRES!C92 -> 5 | D104: =COUNTIF(DATA!$E$2:$E$1001,$B104) -> 5 | E104: =IFERROR(D104/C104,0) -> 1 | F104: =COUNTIFS(DATA!$E$2:$E$1001,$B104,DATA!$H$2:$H$1001,"BM") -> 1 | G104: =COUNTIFS(DATA!$E$2:$E$1001,$B104,DATA!$H$2:$H$1001,"CRO") -> 3 | H104: =COUNTIFS(DATA!$E$2:$E$1001,$B104,DATA!$H$2:$H$1001,"BAO") -> 1 | I104: =IF($D104=0,"-",COUNTIFS(DATA!$E$2:$E$1001,$B104,DATA!$I$2:$I$1001,"MUDAH")/$D104) -> 0.6 | J104: =IF($D104=0,"-",COUNTIFS(DATA!$E$2:$E$1001,$B104,DATA!$J$2:$J$1001,"YA")/$D104) -> 0.8 | K104: =IF($D104=0,"-",COUNTIFS(DATA!$E$2:$E$1001,$B104,DATA!$K$2:$K$1001,"MUDAH")/$D104) -> 0.6 | L104: =IFERROR(AVERAGEIFS(DATA!$S$2:$S$1001,DATA!$E$2:$E$1001,$B104),"-") -> 2.6666667 | M104: =IF(D104=0,"Belum isi","")
B105: Subtotal Luar Pulau | C105: =SUM(C96:C104) -> 40 | D105: =SUM(D96:D104) -> 38 | E105: =IFERROR(D105/C105,0) -> 0.95 | F105: =SUM(F96:F104) -> 9 | G105: =SUM(G96:G104) -> 20 | H105: =SUM(H96:H104) -> 9 | I105: =IFERROR(COUNTIFS(DATA!$F$2:$F$1001,"Luar Pulau",DATA!$I$2:$I$1001,"MUDAH")/$D105,"-") -> 0.76315789 | J105: =IFERROR(COUNTIFS(DATA!$F$2:$F$1001,"Luar Pulau",DATA!$J$2:$J$1001,"YA")/$D105,"-") -> 0.81578947 | K105: =IFERROR(COUNTIFS(DATA!$F$2:$F$1001,"Luar Pulau",DATA!$K$2:$K$1001,"MUDAH")/$D105,"-") -> 0.63157895 | L105: =IFERROR(AVERAGEIFS(DATA!$S$2:$S$1001,DATA!$F$2:$F$1001,"Luar Pulau"),"-") -> 2.7368421 | M105: =COUNTIF(M96:M104,"Belum isi")&" cabang belum isi" -> 0 cabang belum isi
B107: TOTAL | C107: =C26+C57+C93+C105 -> 512 | D107: =D26+D57+D93+D105 -> 242 | E107: =IFERROR(D107/C107,0) -> 0.47265625 | F107: =F26+F57+F93+F105 -> 56 | G107: =G26+G57+G93+G105 -> 133 | H107: =H26+H57+H93+H105 -> 53 | I107: =IFERROR(COUNTIF(DATA!$I$2:$I$1001,"MUDAH")/COUNT(DATA!$A$2:$A$1001),"-") -> 0.6322314 | J107: =IFERROR(COUNTIF(DATA!$J$2:$J$1001,"YA")/COUNT(DATA!$A$2:$A$1001),"-") -> 0.68181818 | K107: =IFERROR(COUNTIF(DATA!$K$2:$K$1001,"MUDAH")/COUNT(DATA!$A$2:$A$1001),"-") -> 0.54958678 | L107: =IFERROR(AVERAGE(DATA!$S$2:$S$1001),"-") -> 2.6143251 | M107: =COUNTIF(M4:M106,"Belum isi")&" cabang belum isi" -> 29 cabang belum isi

Sheet DATA
A1: No | B1: Tanggal | C1: Nama | D1: NIK | E1: Cabang | F1: Wilayah | G1: Wilayah (Form) | H1: Jabatan | I1: Navigasi | J1: Tampilan HP | K1: Materi SOP | L1: Harian | M1: Mingguan | N1: Bulanan | O1: Overview | P1: Skor Navigasi | Q1: Skor HP | R1: Skor SOP | S1: Rata-rata | T1: Unik | U1: Cek | V1: Kritik/Saran Tampilan | W1: SOP Belum Ada | X1: Saran Lainnya | Y1: urut | Z1: Kategori Tampilan | AA1: Kategori SOP | AB1: Kategori Saran | AH1: Wilayah | AI1: Wilayah di Form | AK1: Gab: Kecepatan & Akses Website | AL1: Gab: Tampilan di HP (Responsif) | AM1: Gab: Desain, Warna & Font | AN1: Gab: Menu per Jabatan / Navigasi | AO1: Gab: Integrasi dengan SACS / Aplikasi Kerja | AP1: Gab: Fitur Baru (Dashboard / KPI / Database) | AQ1: Gab: Penyederhanaan & Ringkas Isi | AR1: Gab: Penambahan Isi, Materi & Template | AS1: Gab: Tambah Video / Gambar / Flowchart | AT1: Gab: Kontak PIC, Struktur Organisasi & Eskalasi | AU1: Gab: Update & Notifikasi Perubahan SOP | AV1: Gab: Sanksi & Pelanggaran SOP | AW1: Gab: Piutang & Pelanggan Bermasalah | AX1: Gab: Pengiriman, Retur & Logistik | AY1: Gab: Panduan Laporan & Alur Kerja | AZ1: Gab: Saran Umum Peningkatan | BA1: Gab: Lainnya (perlu dibaca manual) | BB1: Gab: Ada Masukan
A2: =IF(INDEX(FORM!$A:$A,ROW())="","",ROW()-1) -> 1 | B2: =IF($A2="","",INDEX(FORM!$A:$A,ROW())) -> 46307.478 | C2: =IF($A2="","",TRIM(INDEX(FORM!$B:$B,ROW()))) -> Pradana Rifti Meidiansyah | D2: =IF($A2="","",TRIM(INDEX(FORM!$C:$C,ROW())&"")) -> 1510669 | E2: =IF($A2="","",UPPER(TRIM(INDEX(FORM!$D:$D,ROW())))) -> MAGETAN | F2: =IF($A2="","",IFERROR(INDEX(PROGRES!$A$2:$A$92,MATCH(E2,PROGRES!$B$2:$B$92,0)),"-")) -> Jawa Timur | G2: =IF($A2="","",UPPER(TRIM(INDEX(FORM!$F:$F,ROW())))) -> JATIM | H2: =IF($A2="","",UPPER(TRIM(INDEX(FORM!$E:$E,ROW())))) -> CRO | I2: =IF($A2="","",UPPER(TRIM(INDEX(FORM!$G:$G,ROW())))) -> MUDAH | J2: =IF($A2="","",IF(ISNUMBER(SEARCH("Ya,",INDEX(FORM!$H:$H,ROW()))),"YA",IF(ISNUMBER(SEARCH("Cukup,",INDEX(FORM!$H:$H,ROW()))),"CUKUP",IF(ISNUMBER(SEARCH("Kurang,",INDEX(FORM!$H:$H,ROW()))),"KURANG","")))) -> YA | K2: =IF($A2="","",UPPER(TRIM(INDEX(FORM!$J:$J,ROW())))) -> MUDAH | L2: =IF($A2="","",IF(ISNUMBER(SEARCH("Aktivitas Harian",INDEX(FORM!$K:$K,ROW()))),1,0)) -> 0 | M2: =IF($A2="","",IF(ISNUMBER(SEARCH("Aktivitas Mingguan",INDEX(FORM!$K:$K,ROW()))),1,0)) -> 0 | N2: =IF($A2="","",IF(ISNUMBER(SEARCH("Aktivitas Bulanan",INDEX(FORM!$K:$K,ROW()))),1,0)) -> 0 | O2: =IF($A2="","",IF(ISNUMBER(SEARCH("Overview Cabang",INDEX(FORM!$K:$K,ROW()))),1,0)) -> 1 | P2: =IF($A2="","",IFERROR(VLOOKUP(I2,DATA!$AH$9:$AI$13,2,0),"")) -> 3 | Q2: =IF($A2="","",IFERROR(VLOOKUP(J2,DATA!$AH$9:$AI$13,2,0),"")) -> 3 | R2: =IF($A2="","",IFERROR(VLOOKUP(K2,DATA!$AH$9:$AI$13,2,0),"")) -> 3 | S2: =IF($A2="","",IFERROR(AVERAGE(P2:R2),"")) -> 3 | T2: =IF($A2="","",IF(COUNTIF($D$2:D2,D2)=1,1,0)) -> 1 | U2: =IF($A2="","",IF(F2="-","Cabang tdk ada",IF(IFERROR(VLOOKUP(G2,#REF!,1,0),"")="","",IF(INDEX(DATA!$AH$2:$AH$5,MATCH(G2,DATA!$AI$2:$AI$5,0))<>F2,"Wilayah beda","OK")))) | V2: =IF($A2="","",TRIM(INDEX(FORM!$I:$I,ROW())&"")) -> Sudah cukup baik untuk tampilan | W2: =IF($A2="","",TRIM(INDEX(FORM!$L:$L,ROW())&"")) -> Semua sudah di terapkan sesuai SOP yang ada | X2: =IF($A2="","",TRIM(INDEX(FORM!$M:$M,ROW())&"")) -> Sudah sangat mudah untuk diakses dan dipahami | Y2: =IF($A2="","",IFERROR(MATCH(F2,DATA!$AH$2:$AH$5,0),9)*10000+A2) -> 30001 | Z2: =IF($A2="","",IF(LEN(SUBSTITUTE(SUBSTITUTE(SUBSTITUTE(V2,"-",""),".",""),"?",""))<2,"Tidak ada masukan / sudah baik",IF(OR(ISNUMBER(SEARCH("memang harus",V2&" "))),"Tidak ada masukan / sudah baik",IF(OR(ISNUMBER(SEARCH("lemot",V2&" ")),ISNUMBER(SEARCH("loading",V2&" ")),ISNUMBER(SEARCH("lambat",V2&" ")),ISNUMBER(SEARCH("kecepatan",V2&" ")),ISNUMBER(SEARCH("koneksi",V2&" ")),ISNUMBER(SEARCH("eroro",V2&" ")),ISNUMBER(SEARCH("error",V2&" ")),ISNUMBER(SEARCH("ketutup",V2&" "))),"Kecepatan & Loading Website",IF(OR(ISNUMBER(SEARCH("kontak",V2&" ")),ISNUMBER(SEARCH("pic",V2&" ")),ISNUMBER(SEARCH("darurat",V2&" "))),"Kontak & Informasi PIC",IF(OR(ISNUMBER(SEARCH("sacs",V2&" ")),ISNUMBER(SEARCH("aplikasi",V2&" ")),ISNUMBER(SEARCH("kinerja",V2&" ")),ISNUMBER(SEARCH("seluruh cabang",V2&" "))),"Integrasi dengan SACS / Aplikasi",IF(OR(ISNUMBER(SEARCH("mobile",V2&" ")),ISNUMBER(SEARCH("lebih responsif",V2&" ")),ISNUMBER(SEARCH("scroll",V2&" ")),ISNUMBER(SEARCH("melebar",V2&" "))),"Tampilan di HP (Responsif)",IF(OR(ISNUMBER(SEARCH("simpel",V2&" ")),ISNUMBER(SEARCH("simple",V2&" ")),ISNUMBER(SEARCH("sederhana",V2&" ")),ISNUMBER(SEARCH("ringkas",V2&" ")),ISNUMBER(SEARCH("intinya",V2&" ")),ISNUMBER(SEARCH("panjang lebar",V2&" ")),ISNUMBER(SEARCH("mudah dipahami lagi",V2&" ")),ISNUMBER(SEARCH("tata letak",V2&" ")),ISNUMBER(SEARCH("harus mencari",V2&" "))),"Penyederhanaan & Ringkas Isi",IF(OR(ISNUMBER(SEARCH("menu ",V2&" ")),ISNUMBER(SEARCH("tiap posisi",V2&" ")),ISNUMBER(SEARCH("pilihan antara",V2&" "))),"Menu per Jabatan / Navigasi",IF(OR(ISNUMBER(SEARCH("video",V2&" ")),ISNUMBER(SEARCH("vidio",V2&" ")),ISNUMBER(SEARCH("bagan",V2&" ")),ISNUMBER(SEARCH("gambar",V2&" ")),ISNUMBER(SEARCH("qna",V2&" "))),"Tambah Video / Bagan",IF(OR(ISNUMBER(SEARCH("menarik",V2&" ")),ISNUMBER(SEARCH("design",V2&" ")),ISNUMBER(SEARCH("desain",V2&" ")),ISNUMBER(SEARCH("font",V2&" ")),ISNUMBER(SEARCH("warna",V2&" ")),ISNUMBER(SEARCH("soft",V2&" ")),ISNUMBER(SEARCH("kaku",V2&" ")),ISNUMBER(SEARCH("elegan",V2&" ")),ISNUMBER(SEARCH("grafis",V2&" ")),ISNUMBER(SEARCH("visual",V2&" ")),ISNUMBER(SEARCH("logo",V2&" ")),ISNUMBER(SEARCH("jenuh",V2&" ")),ISNUMBER(SEARCH("abu",V2&" ")),ISNUMBER(SEARCH("tampilannya",V2&" ")),ISNUMBER(SEARCH("tampilan dibuat",V2&" ")),ISNUMBER(SEARCH("tamoilan",V2&" ")),ISNUMBER(SEARCH("lebih user friendly",V2&" "))),"Desain, Warna & Font",IF(OR(ISNUMBER(SEARCH("perbanyak",V2&" ")),ISNUMBER(SEARCH("jabarkan",V2&" ")),ISNUMBER(SEARCH("jobdesk",V2&" ")),ISNUMBER(SEARCH("pengajuan",V2&" ")),ISNUMBER(SEARCH("informasi",V2&" "))),"Penambahan Isi / Penjelasan",IF(OR(ISNUMBER(SEARCH("tingkat",V2&" ")),ISNUMBER(SEARCH("kembang",V2&" ")),ISNUMBER(SEARCH("lebih baik lagi",V2&" ")),ISNUMBER(SEARCH("maksimal",V2&" ")),ISNUMBER(SEARCH("penikatan",V2&" "))),"Saran Umum Peningkatan",IF(OR(ISNUMBER(SEARCH("tidak",V2&" ")),ISNUMBER(SEARCH("tdk",V2&" ")),ISNUMBER(SEARCH("sudah",V2&" ")),ISNUMBER(SEARCH("sdh",V2&" ")),ISNUMBER(SEARCH("cukup",V2&" ")),ISNUMBER(SEARCH("baik",V2&" ")),ISNUMBER(SEARCH("bagus",V2&" ")),ISNUMBER(SEARCH("ok",V2&" ")),ISNUMBER(SEARCH("good",V2&" ")),ISNUMBER(SEARCH("aman",V2&" ")),ISNUMBER(SEARCH("lanjut",V2&" ")),ISNUMBER(SEARCH("mantap",V2&" ")),ISNUMBER(SEARCH("josjis",V2&" ")),ISNUMBER(SEARCH("lumayan",V2&" ")),ISNUMBER(SEARCH("mudah",V2&" ")),ISNUMBER(SEARCH("belum",V2&" ")),ISNUMBER(SEARCH("membantu",V2&" ")),ISNUMBER(SEARCH("comment",V2&" ")),ISNUMBER(SEARCH("lengkap",V2&" ")),ISNUMBER(SEARCH("tercakup",V2&" ")),ISNUMBER(SEARCH("mencakup",V2&" ")),ISNUMBER(SEARCH("semua",V2&" ")),ISNUMBER(SEARCH("penting",V2&" ")),ISNUMBER(SEARCH("terangkum",V2&" ")),ISNUMBER(SEARCH("pas",V2&" ")),ISNUMBER(SEARCH("berjalan",V2&" ")),ISNUMBER(SEARCH("sesuai",V2&" "))),"Tidak ada masukan / sudah baik","Lainnya (perlu dibaca manual)")))))))))))))) -> Tidak ada masukan / sudah baik | AA2: =IF($A2="","",IF(LEN(SUBSTITUTE(SUBSTITUTE(SUBSTITUTE(W2,"-",""),".",""),"?",""))<2,"Tidak ada masukan / sudah baik",IF(OR(ISNUMBER(SEARCH("tampilan",W2&" ")),ISNUMBER(SEARCH("lemot",W2&" "))),"Bukan Terkait SOP (Tampilan / Akses)",IF(OR(ISNUMBER(SEARCH("sanksi",W2&" ")),ISNUMBER(SEARCH("pelanggaran",W2&" ")),ISNUMBER(SEARCH("larangan",W2&" ")),ISNUMBER(SEARCH("rekening pribadi",W2&" "))),"Sanksi & Pelanggaran SOP",IF(OR(ISNUMBER(SEARCH("npl",W2&" ")),ISNUMBER(SEARCH("piutang",W2&" ")),ISNUMBER(SEARCH("rekon",W2&" ")),ISNUMBER(SEARCH("overdue",W2&" ")),ISNUMBER(SEARCH("restruk",W2&" ")),ISNUMBER(SEARCH("tempo",W2&" "))),"Piutang & Pelanggan Bermasalah",IF(OR(ISNUMBER(SEARCH("kiriman",W2&" ")),ISNUMBER(SEARCH("pengiriman",W2&" ")),ISNUMBER(SEARCH("retur",W2&" ")),ISNUMBER(SEARCH("barang",W2&" "))),"Pengiriman, Retur & Logistik",IF(OR(ISNUMBER(SEARCH("contact",W2&" ")),ISNUMBER(SEARCH("kontak",W2&" ")),ISNUMBER(SEARCH("pic",W2&" ")),ISNUMBER(SEARCH("berwenang",W2&" ")),ISNUMBER(SEARCH("follow up",W2&" ")),ISNUMBER(SEARCH("eskalasi",W2&" "))),"Kontak PIC & Eskalasi",IF(OR(ISNUMBER(SEARCH("laporan evaluasi",W2&" ")),ISNUMBER(SEARCH("aplikasi cp",W2&" ")),ISNUMBER(SEARCH("flowchart",W2&" ")),ISNUMBER(SEARCH("acuan",W2&" ")),ISNUMBER(SEARCH("poa",W2&" ")),ISNUMBER(SEARCH("aktifitas",W2&" ")),ISNUMBER(SEARCH("aktivitas",W2&" "))),"Panduan Laporan & Alur Kerja",IF(OR(ISNUMBER(SEARCH("notifikasi",W2&" ")),ISNUMBER(SEARCH("pembaruan",W2&" ")),ISNUMBER(SEARCH("perubahan",W2&" ")),ISNUMBER(SEARCH("update",W2&" "))),"Pembaruan & Notifikasi SOP",IF(OR(ISNUMBER(SEARCH("tidak",W2&" ")),ISNUMBER(SEARCH("tdk",W2&" ")),ISNUMBER(SEARCH("sudah",W2&" ")),ISNUMBER(SEARCH("sdh",W2&" ")),ISNUMBER(SEARCH("cukup",W2&" ")),ISNUMBER(SEARCH("baik",W2&" ")),ISNUMBER(SEARCH("bagus",W2&" ")),ISNUMBER(SEARCH("ok",W2&" ")),ISNUMBER(SEARCH("good",W2&" ")),ISNUMBER(SEARCH("aman",W2&" ")),ISNUMBER(SEARCH("lanjut",W2&" ")),ISNUMBER(SEARCH("mantap",W2&" ")),ISNUMBER(SEARCH("josjis",W2&" ")),ISNUMBER(SEARCH("lumayan",W2&" ")),ISNUMBER(SEARCH("mudah",W2&" ")),ISNUMBER(SEARCH("belum",W2&" ")),ISNUMBER(SEARCH("membantu",W2&" ")),ISNUMBER(SEARCH("comment",W2&" ")),ISNUMBER(SEARCH("lengkap",W2&" ")),ISNUMBER(SEARCH("tercakup",W2&" ")),ISNUMBER(SEARCH("mencakup",W2&" ")),ISNUMBER(SEARCH("semua",W2&" ")),ISNUMBER(SEARCH("penting",W2&" ")),ISNUMBER(SEARCH("terangkum",W2&" ")),ISNUMBER(SEARCH("pas",W2&" ")),ISNUMBER(SEARCH("berjalan",W2&" ")),ISNUMBER(SEARCH("sesuai",W2&" "))),"Tidak ada masukan / sudah baik","Lainnya (perlu dibaca manual)")))))))))) -> Tidak ada masukan / sudah baik | AB2: =IF($A2="","",IF(LEN(SUBSTITUTE(SUBSTITUTE(SUBSTITUTE(X2,"-",""),".",""),"?",""))<2,"Tidak ada masukan / sudah baik",IF(OR(ISNUMBER(SEARCH("urgent",X2&" "))),"Lainnya (perlu dibaca manual)",IF(OR(ISNUMBER(SEARCH("struktur organisasi",X2&" ")),ISNUMBER(SEARCH("pic",X2&" ")),ISNUMBER(SEARCH("cp",X2&" ")),ISNUMBER(SEARCH("personil",X2&" ")),ISNUMBER(SEARCH("sales",X2&" ")),ISNUMBER(SEARCH("muka",X2&" ")),ISNUMBER(SEARCH("eskalasi",X2&" "))),"Struktur Organisasi, PIC & Tim",IF(OR(ISNUMBER(SEARCH("lemot",X2&" ")),ISNUMBER(SEARCH("lambat",X2&" ")),ISNUMBER(SEARCH("memuat",X2&" ")),ISNUMBER(SEARCH("koneksi",X2&" "))),"Kecepatan Akses Website",IF(OR(ISNUMBER(SEARCH("sacs",X2&" ")),ISNUMBER(SEARCH("aplikasi",X2&" "))),"Integrasi ke SACS / Aplikasi Kerja",IF(OR(ISNUMBER(SEARCH("dashboard",X2&" ")),ISNUMBER(SEARCH("kpi",X2&" ")),ISNUMBER(SEARCH("database",X2&" ")),ISNUMBER(SEARCH("kinerja",X2&" ")),ISNUMBER(SEARCH("seluruh cabang",X2&" "))),"Fitur Baru (Dashboard / KPI / Database)",IF(OR(ISNUMBER(SEARCH("video",X2&" ")),ISNUMBER(SEARCH("gambar",X2&" ")),ISNUMBER(SEARCH("jpg",X2&" ")),ISNUMBER(SEARCH("flowchart",X2&" ")),ISNUMBER(SEARCH("tutorial",X2&" "))),"Tambah Video / Gambar / Flowchart",IF(OR(ISNUMBER(SEARCH("template",X2&" ")),ISNUMBER(SEARCH("surat",X2&" ")),ISNUMBER(SEARCH("korin",X2&" ")),ISNUMBER(SEARCH("overdue",X2&" ")),ISNUMBER(SEARCH("restruk",X2&" ")),ISNUMBER(SEARCH("tempo",X2&" ")),ISNUMBER(SEARCH("larangan",X2&" ")),ISNUMBER(SEARCH("posisi lain",X2&" ")),ISNUMBER(SEARCH("jobdesk",X2&" ")),ISNUMBER(SEARCH("jobdisk",X2&" ")),ISNUMBER(SEARCH("langkah",X2&" ")),ISNUMBER(SEARCH("detail",X2&" ")),ISNUMBER(SEARCH("panduan",X2&" ")),ISNUMBER(SEARCH("lengkap lagi",X2&" ")),ISNUMBER(SEARCH("tips",X2&" "))),"Penambahan Materi & Template",IF(OR(ISNUMBER(SEARCH("simpel",X2&" ")),ISNUMBER(SEARCH("simple",X2&" ")),ISNUMBER(SEARCH("ringkas",X2&" ")),ISNUMBER(SEARCH("monoton",X2&" ")),ISNUMBER(SEARCH("penataan",X2&" "))),"Penyederhanaan Isi",IF(OR(ISNUMBER(SEARCH("menarik",X2&" ")),ISNUMBER(SEARCH("design",X2&" ")),ISNUMBER(SEARCH("desain",X2&" ")),ISNUMBER(SEARCH("tampilan",X2&" ")),ISNUMBER(SEARCH("kaku",X2&" ")),ISNUMBER(SEARCH("user friendly",X2&" "))),"Desain Tampilan",IF(OR(ISNUMBER(SEARCH("update",X2&" ")),ISNUMBER(SEARCH("terbaru",X2&" ")),ISNUMBER(SEARCH("terkini",X2&" ")),ISNUMBER(SEARCH("uptodate",X2&" "))),"Update Informasi Berkala",IF(OR(ISNUMBER(SEARCH("tingkat",X2&" ")),ISNUMBER(SEARCH("kembang",X2&" ")),ISNUMBER(SEARCH("inovasi",X2&" ")),ISNUMBER(SEARCH("maintenance",X2&" "))),"Saran Umum Peningkatan",IF(OR(ISNUMBER(SEARCH("tidak",X2&" ")),ISNUMBER(SEARCH("tdk",X2&" ")),ISNUMBER(SEARCH("sudah",X2&" ")),ISNUMBER(SEARCH("sdh",X2&" ")),ISNUMBER(SEARCH("cukup",X2&" ")),ISNUMBER(SEARCH("baik",X2&" ")),ISNUMBER(SEARCH("bagus",X2&" ")),ISNUMBER(SEARCH("ok",X2&" ")),ISNUMBER(SEARCH("good",X2&" ")),ISNUMBER(SEARCH("aman",X2&" ")),ISNUMBER(SEARCH("lanjut",X2&" ")),ISNUMBER(SEARCH("mantap",X2&" ")),ISNUMBER(SEARCH("josjis",X2&" ")),ISNUMBER(SEARCH("lumayan",X2&" ")),ISNUMBER(SEARCH("mudah",X2&" ")),ISNUMBER(SEARCH("belum",X2&" ")),ISNUMBER(SEARCH("membantu",X2&" ")),ISNUMBER(SEARCH("comment",X2&" ")),ISNUMBER(SEARCH("lengkap",X2&" ")),ISNUMBER(SEARCH("tercakup",X2&" ")),ISNUMBER(SEARCH("mencakup",X2&" ")),ISNUMBER(SEARCH("semua",X2&" ")),ISNUMBER(SEARCH("penting",X2&" ")),ISNUMBER(SEARCH("terangkum",X2&" ")),ISNUMBER(SEARCH("pas",X2&" ")),ISNUMBER(SEARCH("berjalan",X2&" ")),ISNUMBER(SEARCH("sesuai",X2&" "))),"Tidak ada masukan / sudah baik","Lainnya (perlu dibaca manual)")))))))))))))) -> Tidak ada masukan / sudah baik | AH2: Jawa Barat | AI2: JABAR DKI BANTEN | AK2: =IF($A2="","",IF(OR($Z2="Kecepatan & Loading Website",$AB2="Kecepatan Akses Website",AND($AA2="Bukan Terkait SOP (Tampilan / Akses)",OR(ISNUMBER(SEARCH("lemot",$W2)),ISNUMBER(SEARCH("loading",$W2)),ISNUMBER(SEARCH("lambat",$W2))))),1,0)) -> 0 | AL2: =IF($A2="","",IF(OR($Z2="Tampilan di HP (Responsif)"),1,0)) -> 0 | AM2: =IF($A2="","",IF(OR($Z2="Desain, Warna & Font",$AB2="Desain Tampilan",AND($AA2="Bukan Terkait SOP (Tampilan / Akses)",NOT(OR(ISNUMBER(SEARCH("lemot",$W2)),ISNUMBER(SEARCH("loading",$W2)),ISNUMBER(SEARCH("lambat",$W2)))))),1,0)) -> 0 | AN2: =IF($A2="","",IF(OR($Z2="Menu per Jabatan / Navigasi"),1,0)) -> 0 | AO2: =IF($A2="","",IF(OR($Z2="Integrasi dengan SACS / Aplikasi",$AB2="Integrasi ke SACS / Aplikasi Kerja"),1,0)) -> 0 | AP2: =IF($A2="","",IF(OR($AB2="Fitur Baru (Dashboard / KPI / Database)"),1,0)) -> 0 | AQ2: =IF($A2="","",IF(OR($Z2="Penyederhanaan & Ringkas Isi",$AB2="Penyederhanaan Isi"),1,0)) -> 0 | AR2: =IF($A2="","",IF(OR($Z2="Penambahan Isi / Penjelasan",$AB2="Penambahan Materi & Template"),1,0)) -> 0 | AS2: =IF($A2="","",IF(OR($Z2="Tambah Video / Bagan",$AB2="Tambah Video / Gambar / Flowchart"),1,0)) -> 0 | AT2: =IF($A2="","",IF(OR($Z2="Kontak & Informasi PIC",$AA2="Kontak PIC & Eskalasi",$AB2="Struktur Organisasi, PIC & Tim"),1,0)) -> 0 | AU2: =IF($A2="","",IF(OR($AA2="Pembaruan & Notifikasi SOP",$AB2="Update Informasi Berkala"),1,0)) -> 0 | AV2: =IF($A2="","",IF(OR($AA2="Sanksi & Pelanggaran SOP"),1,0)) -> 0 | AW2: =IF($A2="","",IF(OR($AA2="Piutang & Pelanggan Bermasalah"),1,0)) -> 0 | AX2: =IF($A2="","",IF(OR($AA2="Pengiriman, Retur & Logistik"),1,0)) -> 0 | AY2: =IF($A2="","",IF(OR($AA2="Panduan Laporan & Alur Kerja"),1,0)) -> 0 | AZ2: =IF($A2="","",IF(OR($Z2="Saran Umum Peningkatan",$AB2="Saran Umum Peningkatan"),1,0)) -> 0 | BA2: =IF($A2="","",IF(OR($Z2="Lainnya (perlu dibaca manual)",$AA2="Lainnya (perlu dibaca manual)",$AB2="Lainnya (perlu dibaca manual)"),1,0)) -> 0 | BB2: =IF($A2="","",IF(AND($Z2="Tidak ada masukan / sudah baik",$AA2="Tidak ada masukan / sudah baik",$AB2="Tidak ada masukan / sudah baik"),0,1)) -> 0
A3: =IF(INDEX(FORM!$A:$A,ROW())="","",ROW()-1) -> 2 | B3: =IF($A3="","",INDEX(FORM!$A:$A,ROW())) -> 46307.513 | C3: =IF($A3="","",TRIM(INDEX(FORM!$B:$B,ROW()))) -> SENDY MARTIN | D3: =IF($A3="","",TRIM(INDEX(FORM!$C:$C,ROW())&"")) -> 80490 | E3: =IF($A3="","",UPPER(TRIM(INDEX(FORM!$D:$D,ROW())))) -> BLORA | F3: =IF($A3="","",IFERROR(INDEX(PROGRES!$A$2:$A$92,MATCH(E3,PROGRES!$B$2:$B$92,0)),"-")) -> Jawa Tengah | G3: =IF($A3="","",UPPER(TRIM(INDEX(FORM!$F:$F,ROW())))) -> JATENG DIY | H3: =IF($A3="","",UPPER(TRIM(INDEX(FORM!$E:$E,ROW())))) -> BM | I3: =IF($A3="","",UPPER(TRIM(INDEX(FORM!$G:$G,ROW())))) -> CUKUP | J3: =IF($A3="","",IF(ISNUMBER(SEARCH("Ya,",INDEX(FORM!$H:$H,ROW()))),"YA",IF(ISNUMBER(SEARCH("Cukup,",INDEX(FORM!$H:$H,ROW()))),"CUKUP",IF(ISNUMBER(SEARCH("Kurang,",INDEX(FORM!$H:$H,ROW()))),"KURANG","")))) -> CUKUP | K3: =IF($A3="","",UPPER(TRIM(INDEX(FORM!$J:$J,ROW())))) -> CUKUP | L3: =IF($A3="","",IF(ISNUMBER(SEARCH("Aktivitas Harian",INDEX(FORM!$K:$K,ROW()))),1,0)) -> 1 | M3: =IF($A3="","",IF(ISNUMBER(SEARCH("Aktivitas Mingguan",INDEX(FORM!$K:$K,ROW()))),1,0)) -> 0 | N3: =IF($A3="","",IF(ISNUMBER(SEARCH("Aktivitas Bulanan",INDEX(FORM!$K:$K,ROW()))),1,0)) -> 0 | O3: =IF($A3="","",IF(ISNUMBER(SEARCH("Overview Cabang",INDEX(FORM!$K:$K,ROW()))),1,0)) -> 1 | P3: =IF($A3="","",IFERROR(VLOOKUP(I3,DATA!$AH$9:$AI$13,2,0),"")) -> 2 | Q3: =IF($A3="","",IFERROR(VLOOKUP(J3,DATA!$AH$9:$AI$13,2,0),"")) -> 2 | R3: =IF($A3="","",IFERROR(VLOOKUP(K3,DATA!$AH$9:$AI$13,2,0),"")) -> 2 | S3: =IF($A3="","",IFERROR(AVERAGE(P3:R3),"")) -> 2 | T3: =IF($A3="","",IF(COUNTIF($D$2:D3,D3)=1,1,0)) -> 1 | U3: =IF($A3="","",IF(F3="-","Cabang tdk ada",IF(IFERROR(VLOOKUP(G3,#REF!,1,0),"")="","",IF(INDEX(DATA!$AH$2:$AH$5,MATCH(G3,DATA!$AI$2:$AI$5,0))<>F3,"Wilayah beda","OK")))) | V3: =IF($A3="","",TRIM(INDEX(FORM!$I:$I,ROW())&"")) -> Cukup | W3: =IF($A3="","",TRIM(INDEX(FORM!$L:$L,ROW())&"")) -> Tidak ada | X3: =IF($A3="","",TRIM(INDEX(FORM!$M:$M,ROW())&"")) -> Di linkn dengan sacs agarvlebih mudahbuntuk aksesnya | Y3: =IF($A3="","",IFERROR(MATCH(F3,DATA!$AH$2:$AH$5,0),9)*10000+A3) -> 20002 | Z3: =IF($A3="","",IF(LEN(SUBSTITUTE(SUBSTITUTE(SUBSTITUTE(V3,"-",""),".",""),"?",""))<2,"Tidak ada masukan / sudah baik",IF(OR(ISNUMBER(SEARCH("memang harus",V3&" "))),"Tidak ada masukan / sudah baik",IF(OR(ISNUMBER(SEARCH("lemot",V3&" ")),ISNUMBER(SEARCH("loading",V3&" ")),ISNUMBER(SEARCH("lambat",V3&" ")),ISNUMBER(SEARCH("kecepatan",V3&" ")),ISNUMBER(SEARCH("koneksi",V3&" ")),ISNUMBER(SEARCH("eroro",V3&" ")),ISNUMBER(SEARCH("error",V3&" ")),ISNUMBER(SEARCH("ketutup",V3&" "))),"Kecepatan & Loading Website",IF(OR(ISNUMBER(SEARCH("kontak",V3&" ")),ISNUMBER(SEARCH("pic",V3&" ")),ISNUMBER(SEARCH("darurat",V3&" "))),"Kontak & Informasi PIC",IF(OR(ISNUMBER(SEARCH("sacs",V3&" ")),ISNUMBER(SEARCH("aplikasi",V3&" ")),ISNUMBER(SEARCH("kinerja",V3&" ")),ISNUMBER(SEARCH("seluruh cabang",V3&" "))),"Integrasi dengan SACS / Aplikasi",IF(OR(ISNUMBER(SEARCH("mobile",V3&" ")),ISNUMBER(SEARCH("lebih responsif",V3&" ")),ISNUMBER(SEARCH("scroll",V3&" ")),ISNUMBER(SEARCH("melebar",V3&" "))),"Tampilan di HP (Responsif)",IF(OR(ISNUMBER(SEARCH("simpel",V3&" ")),ISNUMBER(SEARCH("simple",V3&" ")),ISNUMBER(SEARCH("sederhana",V3&" ")),ISNUMBER(SEARCH("ringkas",V3&" ")),ISNUMBER(SEARCH("intinya",V3&" ")),ISNUMBER(SEARCH("panjang lebar",V3&" ")),ISNUMBER(SEARCH("mudah dipahami lagi",V3&" ")),ISNUMBER(SEARCH("tata letak",V3&" ")),ISNUMBER(SEARCH("harus mencari",V3&" "))),"Penyederhanaan & Ringkas Isi",IF(OR(ISNUMBER(SEARCH("menu ",V3&" ")),ISNUMBER(SEARCH("tiap posisi",V3&" ")),ISNUMBER(SEARCH("pilihan antara",V3&" "))),"Menu per Jabatan / Navigasi",IF(OR(ISNUMBER(SEARCH("video",V3&" ")),ISNUMBER(SEARCH("vidio",V3&" ")),ISNUMBER(SEARCH("bagan",V3&" ")),ISNUMBER(SEARCH("gambar",V3&" ")),ISNUMBER(SEARCH("qna",V3&" "))),"Tambah Video / Bagan",IF(OR(ISNUMBER(SEARCH("menarik",V3&" ")),ISNUMBER(SEARCH("design",V3&" ")),ISNUMBER(SEARCH("desain",V3&" ")),ISNUMBER(SEARCH("font",V3&" ")),ISNUMBER(SEARCH("warna",V3&" ")),ISNUMBER(SEARCH("soft",V3&" ")),ISNUMBER(SEARCH("kaku",V3&" ")),ISNUMBER(SEARCH("elegan",V3&" ")),ISNUMBER(SEARCH("grafis",V3&" ")),ISNUMBER(SEARCH("visual",V3&" ")),ISNUMBER(SEARCH("logo",V3&" ")),ISNUMBER(SEARCH("jenuh",V3&" ")),ISNUMBER(SEARCH("abu",V3&" ")),ISNUMBER(SEARCH("tampilannya",V3&" ")),ISNUMBER(SEARCH("tampilan dibuat",V3&" ")),ISNUMBER(SEARCH("tamoilan",V3&" ")),ISNUMBER(SEARCH("lebih user friendly",V3&" "))),"Desain, Warna & Font",IF(OR(ISNUMBER(SEARCH("perbanyak",V3&" ")),ISNUMBER(SEARCH("jabarkan",V3&" ")),ISNUMBER(SEARCH("jobdesk",V3&" ")),ISNUMBER(SEARCH("pengajuan",V3&" ")),ISNUMBER(SEARCH("informasi",V3&" "))),"Penambahan Isi / Penjelasan",IF(OR(ISNUMBER(SEARCH("tingkat",V3&" ")),ISNUMBER(SEARCH("kembang",V3&" ")),ISNUMBER(SEARCH("lebih baik lagi",V3&" ")),ISNUMBER(SEARCH("maksimal",V3&" ")),ISNUMBER(SEARCH("penikatan",V3&" "))),"Saran Umum Peningkatan",IF(OR(ISNUMBER(SEARCH("tidak",V3&" ")),ISNUMBER(SEARCH("tdk",V3&" ")),ISNUMBER(SEARCH("sudah",V3&" ")),ISNUMBER(SEARCH("sdh",V3&" ")),ISNUMBER(SEARCH("cukup",V3&" ")),ISNUMBER(SEARCH("baik",V3&" ")),ISNUMBER(SEARCH("bagus",V3&" ")),ISNUMBER(SEARCH("ok",V3&" ")),ISNUMBER(SEARCH("good",V3&" ")),ISNUMBER(SEARCH("aman",V3&" ")),ISNUMBER(SEARCH("lanjut",V3&" ")),ISNUMBER(SEARCH("mantap",V3&" ")),ISNUMBER(SEARCH("josjis",V3&" ")),ISNUMBER(SEARCH("lumayan",V3&" ")),ISNUMBER(SEARCH("mudah",V3&" ")),ISNUMBER(SEARCH("belum",V3&" ")),ISNUMBER(SEARCH("membantu",V3&" ")),ISNUMBER(SEARCH("comment",V3&" ")),ISNUMBER(SEARCH("lengkap",V3&" ")),ISNUMBER(SEARCH("tercakup",V3&" ")),ISNUMBER(SEARCH("mencakup",V3&" ")),ISNUMBER(SEARCH("semua",V3&" ")),ISNUMBER(SEARCH("penting",V3&" ")),ISNUMBER(SEARCH("terangkum",V3&" ")),ISNUMBER(SEARCH("pas",V3&" ")),ISNUMBER(SEARCH("berjalan",V3&" ")),ISNUMBER(SEARCH("sesuai",V3&" "))),"Tidak ada masukan / sudah baik","Lainnya (perlu dibaca manual)")))))))))))))) -> Tidak ada masukan / sudah baik | AA3: =IF($A3="","",IF(LEN(SUBSTITUTE(SUBSTITUTE(SUBSTITUTE(W3,"-",""),".",""),"?",""))<2,"Tidak ada masukan / sudah baik",IF(OR(ISNUMBER(SEARCH("tampilan",W3&" ")),ISNUMBER(SEARCH("lemot",W3&" "))),"Bukan Terkait SOP (Tampilan / Akses)",IF(OR(ISNUMBER(SEARCH("sanksi",W3&" ")),ISNUMBER(SEARCH("pelanggaran",W3&" ")),ISNUMBER(SEARCH("larangan",W3&" ")),ISNUMBER(SEARCH("rekening pribadi",W3&" "))),"Sanksi & Pelanggaran SOP",IF(OR(ISNUMBER(SEARCH("npl",W3&" ")),ISNUMBER(SEARCH("piutang",W3&" ")),ISNUMBER(SEARCH("rekon",W3&" ")),ISNUMBER(SEARCH("overdue",W3&" ")),ISNUMBER(SEARCH("restruk",W3&" ")),ISNUMBER(SEARCH("tempo",W3&" "))),"Piutang & Pelanggan Bermasalah",IF(OR(ISNUMBER(SEARCH("kiriman",W3&" ")),ISNUMBER(SEARCH("pengiriman",W3&" ")),ISNUMBER(SEARCH("retur",W3&" ")),ISNUMBER(SEARCH("barang",W3&" "))),"Pengiriman, Retur & Logistik",IF(OR(ISNUMBER(SEARCH("contact",W3&" ")),ISNUMBER(SEARCH("kontak",W3&" ")),ISNUMBER(SEARCH("pic",W3&" ")),ISNUMBER(SEARCH("berwenang",W3&" ")),ISNUMBER(SEARCH("follow up",W3&" ")),ISNUMBER(SEARCH("eskalasi",W3&" "))),"Kontak PIC & Eskalasi",IF(OR(ISNUMBER(SEARCH("laporan evaluasi",W3&" ")),ISNUMBER(SEARCH("aplikasi cp",W3&" ")),ISNUMBER(SEARCH("flowchart",W3&" ")),ISNUMBER(SEARCH("acuan",W3&" ")),ISNUMBER(SEARCH("poa",W3&" ")),ISNUMBER(SEARCH("aktifitas",W3&" ")),ISNUMBER(SEARCH("aktivitas",W3&" "))),"Panduan Laporan & Alur Kerja",IF(OR(ISNUMBER(SEARCH("notifikasi",W3&" ")),ISNUMBER(SEARCH("pembaruan",W3&" ")),ISNUMBER(SEARCH("perubahan",W3&" ")),ISNUMBER(SEARCH("update",W3&" "))),"Pembaruan & Notifikasi SOP",IF(OR(ISNUMBER(SEARCH("tidak",W3&" ")),ISNUMBER(SEARCH("tdk",W3&" ")),ISNUMBER(SEARCH("sudah",W3&" ")),ISNUMBER(SEARCH("sdh",W3&" ")),ISNUMBER(SEARCH("cukup",W3&" ")),ISNUMBER(SEARCH("baik",W3&" ")),ISNUMBER(SEARCH("bagus",W3&" ")),ISNUMBER(SEARCH("ok",W3&" ")),ISNUMBER(SEARCH("good",W3&" ")),ISNUMBER(SEARCH("aman",W3&" ")),ISNUMBER(SEARCH("lanjut",W3&" ")),ISNUMBER(SEARCH("mantap",W3&" ")),ISNUMBER(SEARCH("josjis",W3&" ")),ISNUMBER(SEARCH("lumayan",W3&" ")),ISNUMBER(SEARCH("mudah",W3&" ")),ISNUMBER(SEARCH("belum",W3&" ")),ISNUMBER(SEARCH("membantu",W3&" ")),ISNUMBER(SEARCH("comment",W3&" ")),ISNUMBER(SEARCH("lengkap",W3&" ")),ISNUMBER(SEARCH("tercakup",W3&" ")),ISNUMBER(SEARCH("mencakup",W3&" ")),ISNUMBER(SEARCH("semua",W3&" ")),ISNUMBER(SEARCH("penting",W3&" ")),ISNUMBER(SEARCH("terangkum",W3&" ")),ISNUMBER(SEARCH("pas",W3&" ")),ISNUMBER(SEARCH("berjalan",W3&" ")),ISNUMBER(SEARCH("sesuai",W3&" "))),"Tidak ada masukan / sudah baik","Lainnya (perlu dibaca manual)")))))))))) -> Tidak ada masukan / sudah baik | AB3: =IF($A3="","",IF(LEN(SUBSTITUTE(SUBSTITUTE(SUBSTITUTE(X3,"-",""),".",""),"?",""))<2,"Tidak ada masukan / sudah baik",IF(OR(ISNUMBER(SEARCH("urgent",X3&" "))),"Lainnya (perlu dibaca manual)",IF(OR(ISNUMBER(SEARCH("struktur organisasi",X3&" ")),ISNUMBER(SEARCH("pic",X3&" ")),ISNUMBER(SEARCH("cp",X3&" ")),ISNUMBER(SEARCH("personil",X3&" ")),ISNUMBER(SEARCH("sales",X3&" ")),ISNUMBER(SEARCH("muka",X3&" ")),ISNUMBER(SEARCH("eskalasi",X3&" "))),"Struktur Organisasi, PIC & Tim",IF(OR(ISNUMBER(SEARCH("lemot",X3&" ")),ISNUMBER(SEARCH("lambat",X3&" ")),ISNUMBER(SEARCH("memuat",X3&" ")),ISNUMBER(SEARCH("koneksi",X3&" "))),"Kecepatan Akses Website",IF(OR(ISNUMBER(SEARCH("sacs",X3&" ")),ISNUMBER(SEARCH("aplikasi",X3&" "))),"Integrasi ke SACS / Aplikasi Kerja",IF(OR(ISNUMBER(SEARCH("dashboard",X3&" ")),ISNUMBER(SEARCH("kpi",X3&" ")),ISNUMBER(SEARCH("database",X3&" ")),ISNUMBER(SEARCH("kinerja",X3&" ")),ISNUMBER(SEARCH("seluruh cabang",X3&" "))),"Fitur Baru (Dashboard / KPI / Database)",IF(OR(ISNUMBER(SEARCH("video",X3&" ")),ISNUMBER(SEARCH("gambar",X3&" ")),ISNUMBER(SEARCH("jpg",X3&" ")),ISNUMBER(SEARCH("flowchart",X3&" ")),ISNUMBER(SEARCH("tutorial",X3&" "))),"Tambah Video / Gambar / Flowchart",IF(OR(ISNUMBER(SEARCH("template",X3&" ")),ISNUMBER(SEARCH("surat",X3&" ")),ISNUMBER(SEARCH("korin",X3&" ")),ISNUMBER(SEARCH("overdue",X3&" ")),ISNUMBER(SEARCH("restruk",X3&" ")),ISNUMBER(SEARCH("tempo",X3&" ")),ISNUMBER(SEARCH("larangan",X3&" ")),ISNUMBER(SEARCH("posisi lain",X3&" ")),ISNUMBER(SEARCH("jobdesk",X3&" ")),ISNUMBER(SEARCH("jobdisk",X3&" ")),ISNUMBER(SEARCH("langkah",X3&" ")),ISNUMBER(SEARCH("detail",X3&" ")),ISNUMBER(SEARCH("panduan",X3&" ")),ISNUMBER(SEARCH("lengkap lagi",X3&" ")),ISNUMBER(SEARCH("tips",X3&" "))),"Penambahan Materi & Template",IF(OR(ISNUMBER(SEARCH("simpel",X3&" ")),ISNUMBER(SEARCH("simple",X3&" ")),ISNUMBER(SEARCH("ringkas",X3&" ")),ISNUMBER(SEARCH("monoton",X3&" ")),ISNUMBER(SEARCH("penataan",X3&" "))),"Penyederhanaan Isi",IF(OR(ISNUMBER(SEARCH("menarik",X3&" ")),ISNUMBER(SEARCH("design",X3&" ")),ISNUMBER(SEARCH("desain",X3&" ")),ISNUMBER(SEARCH("tampilan",X3&" ")),ISNUMBER(SEARCH("kaku",X3&" ")),ISNUMBER(SEARCH("user friendly",X3&" "))),"Desain Tampilan",IF(OR(ISNUMBER(SEARCH("update",X3&" ")),ISNUMBER(SEARCH("terbaru",X3&" ")),ISNUMBER(SEARCH("terkini",X3&" ")),ISNUMBER(SEARCH("uptodate",X3&" "))),"Update Informasi Berkala",IF(OR(ISNUMBER(SEARCH("tingkat",X3&" ")),ISNUMBER(SEARCH("kembang",X3&" ")),ISNUMBER(SEARCH("inovasi",X3&" ")),ISNUMBER(SEARCH("maintenance",X3&" "))),"Saran Umum Peningkatan",IF(OR(ISNUMBER(SEARCH("tidak",X3&" ")),ISNUMBER(SEARCH("tdk",X3&" ")),ISNUMBER(SEARCH("sudah",X3&" ")),ISNUMBER(SEARCH("sdh",X3&" ")),ISNUMBER(SEARCH("cukup",X3&" ")),ISNUMBER(SEARCH("baik",X3&" ")),ISNUMBER(SEARCH("bagus",X3&" ")),ISNUMBER(SEARCH("ok",X3&" ")),ISNUMBER(SEARCH("good",X3&" ")),ISNUMBER(SEARCH("aman",X3&" ")),ISNUMBER(SEARCH("lanjut",X3&" ")),ISNUMBER(SEARCH("mantap",X3&" ")),ISNUMBER(SEARCH("josjis",X3&" ")),ISNUMBER(SEARCH("lumayan",X3&" ")),ISNUMBER(SEARCH("mudah",X3&" ")),ISNUMBER(SEARCH("belum",X3&" ")),ISNUMBER(SEARCH("membantu",X3&" ")),ISNUMBER(SEARCH("comment",X3&" ")),ISNUMBER(SEARCH("lengkap",X3&" ")),ISNUMBER(SEARCH("tercakup",X3&" ")),ISNUMBER(SEARCH("mencakup",X3&" ")),ISNUMBER(SEARCH("semua",X3&" ")),ISNUMBER(SEARCH("penting",X3&" ")),ISNUMBER(SEARCH("terangkum",X3&" ")),ISNUMBER(SEARCH("pas",X3&" ")),ISNUMBER(SEARCH("berjalan",X3&" ")),ISNUMBER(SEARCH("sesuai",X3&" "))),"Tidak ada masukan / sudah baik","Lainnya (perlu dibaca manual)")))))))))))))) -> Integrasi ke SACS / Aplikasi Kerja | AH3: Jawa Tengah | AI3: JATENG DIY | AK3: =IF($A3="","",IF(OR($Z3="Kecepatan & Loading Website",$AB3="Kecepatan Akses Website",AND($AA3="Bukan Terkait SOP (Tampilan / Akses)",OR(ISNUMBER(SEARCH("lemot",$W3)),ISNUMBER(SEARCH("loading",$W3)),ISNUMBER(SEARCH("lambat",$W3))))),1,0)) -> 0 | AL3: =IF($A3="","",IF(OR($Z3="Tampilan di HP (Responsif)"),1,0)) -> 0 | AM3: =IF($A3="","",IF(OR($Z3="Desain, Warna & Font",$AB3="Desain Tampilan",AND($AA3="Bukan Terkait SOP (Tampilan / Akses)",NOT(OR(ISNUMBER(SEARCH("lemot",$W3)),ISNUMBER(SEARCH("loading",$W3)),ISNUMBER(SEARCH("lambat",$W3)))))),1,0)) -> 0 | AN3: =IF($A3="","",IF(OR($Z3="Menu per Jabatan / Navigasi"),1,0)) -> 0 | AO3: =IF($A3="","",IF(OR($Z3="Integrasi dengan SACS / Aplikasi",$AB3="Integrasi ke SACS / Aplikasi Kerja"),1,0)) -> 1 | AP3: =IF($A3="","",IF(OR($AB3="Fitur Baru (Dashboard / KPI / Database)"),1,0)) -> 0 | AQ3: =IF($A3="","",IF(OR($Z3="Penyederhanaan & Ringkas Isi",$AB3="Penyederhanaan Isi"),1,0)) -> 0 | AR3: =IF($A3="","",IF(OR($Z3="Penambahan Isi / Penjelasan",$AB3="Penambahan Materi & Template"),1,0)) -> 0 | AS3: =IF($A3="","",IF(OR($Z3="Tambah Video / Bagan",$AB3="Tambah Video / Gambar / Flowchart"),1,0)) -> 0 | AT3: =IF($A3="","",IF(OR($Z3="Kontak & Informasi PIC",$AA3="Kontak PIC & Eskalasi",$AB3="Struktur Organisasi, PIC & Tim"),1,0)) -> 0 | AU3: =IF($A3="","",IF(OR($AA3="Pembaruan & Notifikasi SOP",$AB3="Update Informasi Berkala"),1,0)) -> 0 | AV3: =IF($A3="","",IF(OR($AA3="Sanksi & Pelanggaran SOP"),1,0)) -> 0 | AW3: =IF($A3="","",IF(OR($AA3="Piutang & Pelanggan Bermasalah"),1,0)) -> 0 | AX3: =IF($A3="","",IF(OR($AA3="Pengiriman, Retur & Logistik"),1,0)) -> 0 | AY3: =IF($A3="","",IF(OR($AA3="Panduan Laporan & Alur Kerja"),1,0)) -> 0 | AZ3: =IF($A3="","",IF(OR($Z3="Saran Umum Peningkatan",$AB3="Saran Umum Peningkatan"),1,0)) -> 0 | BA3: =IF($A3="","",IF(OR($Z3="Lainnya (perlu dibaca manual)",$AA3="Lainnya (perlu dibaca manual)",$AB3="Lainnya (perlu dibaca manual)"),1,0)) -> 0 | BB3: =IF($A3="","",IF(AND($Z3="Tidak ada masukan / sudah baik",$AA3="Tidak ada masukan / sudah baik",$AB3="Tidak ada masukan / sudah baik"),0,1)) -> 1
A4: =IF(INDEX(FORM!$A:$A,ROW())="","",ROW()-1) -> 3 | B4: =IF($A4="","",INDEX(FORM!$A:$A,ROW())) -> 46308.372 | C4: =IF($A4="","",TRIM(INDEX(FORM!$B:$B,ROW()))) -> RIZKY SATYA PUTRA | D4: =IF($A4="","",TRIM(INDEX(FORM!$C:$C,ROW())&"")) -> 1510940 | E4: =IF($A4="","",UPPER(TRIM(INDEX(FORM!$D:$D,ROW())))) -> SAYUNG | F4: =IF($A4="","",IFERROR(INDEX(PROGRES!$A$2:$A$92,MATCH(E4,PROGRES!$B$2:$B$92,0)),"-")) -> Jawa Tengah | G4: =IF($A4="","",UPPER(TRIM(INDEX(FORM!$F:$F,ROW())))) -> JATENG DIY | H4: =IF($A4="","",UPPER(TRIM(INDEX(FORM!$E:$E,ROW())))) -> BM | I4: =IF($A4="","",UPPER(TRIM(INDEX(FORM!$G:$G,ROW())))) -> CUKUP | J4: =IF($A4="","",IF(ISNUMBER(SEARCH("Ya,",INDEX(FORM!$H:$H,ROW()))),"YA",IF(ISNUMBER(SEARCH("Cukup,",INDEX(FORM!$H:$H,ROW()))),"CUKUP",IF(ISNUMBER(SEARCH("Kurang,",INDEX(FORM!$H:$H,ROW()))),"KURANG","")))) -> CUKUP | K4: =IF($A4="","",UPPER(TRIM(INDEX(FORM!$J:$J,ROW())))) -> CUKUP | L4: =IF($A4="","",IF(ISNUMBER(SEARCH("Aktivitas Harian",INDEX(FORM!$K:$K,ROW()))),1,0)) -> 1 | M4: =IF($A4="","",IF(ISNUMBER(SEARCH("Aktivitas Mingguan",INDEX(FORM!$K:$K,ROW()))),1,0)) -> 0 | N4: =IF($A4="","",IF(ISNUMBER(SEARCH("Aktivitas Bulanan",INDEX(FORM!$K:$K,ROW()))),1,0)) -> 0 | O4: =IF($A4="","",IF(ISNUMBER(SEARCH("Overview Cabang",INDEX(FORM!$K:$K,ROW()))),1,0)) -> 0 | P4: =IF($A4="","",IFERROR(VLOOKUP(I4,DATA!$AH$9:$AI$13,2,0),"")) -> 2 | Q4: =IF($A4="","",IFERROR(VLOOKUP(J4,DATA!$AH$9:$AI$13,2,0),"")) -> 2 | R4: =IF($A4="","",IFERROR(VLOOKUP(K4,DATA!$AH$9:$AI$13,2,0),"")) -> 2 | S4: =IF($A4="","",IFERROR(AVERAGE(P4:R4),"")) -> 2 | T4: =IF($A4="","",IF(COUNTIF($D$2:D4,D4)=1,1,0)) -> 1 | U4: =IF($A4="","",IF(F4="-","Cabang tdk ada",IF(IFERROR(VLOOKUP(G4,#REF!,1,0),"")="","",IF(INDEX(DATA!$AH$2:$AH$5,MATCH(G4,DATA!$AI$2:$AI$5,0))<>F4,"Wilayah beda","OK")))) | V4: =IF($A4="","",TRIM(INDEX(FORM!$I:$I,ROW())&"")) -> Mungkin dijelaskan lebih ringkas saja, dan ditampilkan pada aplikasi SACS sehingga setiap user bisa mengakses | W4: =IF($A4="","",TRIM(INDEX(FORM!$L:$L,ROW())&"")) -> tidak ada | X4: =IF($A4="","",TRIM(INDEX(FORM!$M:$M,ROW())&"")) -> Mungkin dijelaskan lebih ringkas saja, dan ditampilkan pada aplikasi SACS sehingga setiap user bisa mengakses | Y4: =IF($A4="","",IFERROR(MATCH(F4,DATA!$AH$2:$AH$5,0),9)*10000+A4) -> 20003 | Z4: =IF($A4="","",IF(LEN(SUBSTITUTE(SUBSTITUTE(SUBSTITUTE(V4,"-",""),".",""),"?",""))<2,"Tidak ada masukan / sudah baik",IF(OR(ISNUMBER(SEARCH("memang harus",V4&" "))),"Tidak ada masukan / sudah baik",IF(OR(ISNUMBER(SEARCH("lemot",V4&" ")),ISNUMBER(SEARCH("loading",V4&" ")),ISNUMBER(SEARCH("lambat",V4&" ")),ISNUMBER(SEARCH("kecepatan",V4&" ")),ISNUMBER(SEARCH("koneksi",V4&" ")),ISNUMBER(SEARCH("eroro",V4&" ")),ISNUMBER(SEARCH("error",V4&" ")),ISNUMBER(SEARCH("ketutup",V4&" "))),"Kecepatan & Loading Website",IF(OR(ISNUMBER(SEARCH("kontak",V4&" ")),ISNUMBER(SEARCH("pic",V4&" ")),ISNUMBER(SEARCH("darurat",V4&" "))),"Kontak & Informasi PIC",IF(OR(ISNUMBER(SEARCH("sacs",V4&" ")),ISNUMBER(SEARCH("aplikasi",V4&" ")),ISNUMBER(SEARCH("kinerja",V4&" ")),ISNUMBER(SEARCH("seluruh cabang",V4&" "))),"Integrasi dengan SACS / Aplikasi",IF(OR(ISNUMBER(SEARCH("mobile",V4&" ")),ISNUMBER(SEARCH("lebih responsif",V4&" ")),ISNUMBER(SEARCH("scroll",V4&" ")),ISNUMBER(SEARCH("melebar",V4&" "))),"Tampilan di HP (Responsif)",IF(OR(ISNUMBER(SEARCH("simpel",V4&" ")),ISNUMBER(SEARCH("simple",V4&" ")),ISNUMBER(SEARCH("sederhana",V4&" ")),ISNUMBER(SEARCH("ringkas",V4&" ")),ISNUMBER(SEARCH("intinya",V4&" ")),ISNUMBER(SEARCH("panjang lebar",V4&" ")),ISNUMBER(SEARCH("mudah dipahami lagi",V4&" ")),ISNUMBER(SEARCH("tata letak",V4&" ")),ISNUMBER(SEARCH("harus mencari",V4&" "))),"Penyederhanaan & Ringkas Isi",IF(OR(ISNUMBER(SEARCH("menu ",V4&" ")),ISNUMBER(SEARCH("tiap posisi",V4&" ")),ISNUMBER(SEARCH("pilihan antara",V4&" "))),"Menu per Jabatan / Navigasi",IF(OR(ISNUMBER(SEARCH("video",V4&" ")),ISNUMBER(SEARCH("vidio",V4&" ")),ISNUMBER(SEARCH("bagan",V4&" ")),ISNUMBER(SEARCH("gambar",V4&" ")),ISNUMBER(SEARCH("qna",V4&" "))),"Tambah Video / Bagan",IF(OR(ISNUMBER(SEARCH("menarik",V4&" ")),ISNUMBER(SEARCH("design",V4&" ")),ISNUMBER(SEARCH("desain",V4&" ")),ISNUMBER(SEARCH("font",V4&" ")),ISNUMBER(SEARCH("warna",V4&" ")),ISNUMBER(SEARCH("soft",V4&" ")),ISNUMBER(SEARCH("kaku",V4&" ")),ISNUMBER(SEARCH("elegan",V4&" ")),ISNUMBER(SEARCH("grafis",V4&" ")),ISNUMBER(SEARCH("visual",V4&" ")),ISNUMBER(SEARCH("logo",V4&" ")),ISNUMBER(SEARCH("jenuh",V4&" ")),ISNUMBER(SEARCH("abu",V4&" ")),ISNUMBER(SEARCH("tampilannya",V4&" ")),ISNUMBER(SEARCH("tampilan dibuat",V4&" ")),ISNUMBER(SEARCH("tamoilan",V4&" ")),ISNUMBER(SEARCH("lebih user friendly",V4&" "))),"Desain, Warna & Font",IF(OR(ISNUMBER(SEARCH("perbanyak",V4&" ")),ISNUMBER(SEARCH("jabarkan",V4&" ")),ISNUMBER(SEARCH("jobdesk",V4&" ")),ISNUMBER(SEARCH("pengajuan",V4&" ")),ISNUMBER(SEARCH("informasi",V4&" "))),"Penambahan Isi / Penjelasan",IF(OR(ISNUMBER(SEARCH("tingkat",V4&" ")),ISNUMBER(SEARCH("kembang",V4&" ")),ISNUMBER(SEARCH("lebih baik lagi",V4&" ")),ISNUMBER(SEARCH("maksimal",V4&" ")),ISNUMBER(SEARCH("penikatan",V4&" "))),"Saran Umum Peningkatan",IF(OR(ISNUMBER(SEARCH("tidak",V4&" ")),ISNUMBER(SEARCH("tdk",V4&" ")),ISNUMBER(SEARCH("sudah",V4&" ")),ISNUMBER(SEARCH("sdh",V4&" ")),ISNUMBER(SEARCH("cukup",V4&" ")),ISNUMBER(SEARCH("baik",V4&" ")),ISNUMBER(SEARCH("bagus",V4&" ")),ISNUMBER(SEARCH("ok",V4&" ")),ISNUMBER(SEARCH("good",V4&" ")),ISNUMBER(SEARCH("aman",V4&" ")),ISNUMBER(SEARCH("lanjut",V4&" ")),ISNUMBER(SEARCH("mantap",V4&" ")),ISNUMBER(SEARCH("josjis",V4&" ")),ISNUMBER(SEARCH("lumayan",V4&" ")),ISNUMBER(SEARCH("mudah",V4&" ")),ISNUMBER(SEARCH("belum",V4&" ")),ISNUMBER(SEARCH("membantu",V4&" ")),ISNUMBER(SEARCH("comment",V4&" ")),ISNUMBER(SEARCH("lengkap",V4&" ")),ISNUMBER(SEARCH("tercakup",V4&" ")),ISNUMBER(SEARCH("mencakup",V4&" ")),ISNUMBER(SEARCH("semua",V4&" ")),ISNUMBER(SEARCH("penting",V4&" ")),ISNUMBER(SEARCH("terangkum",V4&" ")),ISNUMBER(SEARCH("pas",V4&" ")),ISNUMBER(SEARCH("berjalan",V4&" ")),ISNUMBER(SEARCH("sesuai",V4&" "))),"Tidak ada masukan / sudah baik","Lainnya (perlu dibaca manual)")))))))))))))) -> Integrasi dengan SACS / Aplikasi | AA4: =IF($A4="","",IF(LEN(SUBSTITUTE(SUBSTITUTE(SUBSTITUTE(W4,"-",""),".",""),"?",""))<2,"Tidak ada masukan / sudah baik",IF(OR(ISNUMBER(SEARCH("tampilan",W4&" ")),ISNUMBER(SEARCH("lemot",W4&" "))),"Bukan Terkait SOP (Tampilan / Akses)",IF(OR(ISNUMBER(SEARCH("sanksi",W4&" ")),ISNUMBER(SEARCH("pelanggaran",W4&" ")),ISNUMBER(SEARCH("larangan",W4&" ")),ISNUMBER(SEARCH("rekening pribadi",W4&" "))),"Sanksi & Pelanggaran SOP",IF(OR(ISNUMBER(SEARCH("npl",W4&" ")),ISNUMBER(SEARCH("piutang",W4&" ")),ISNUMBER(SEARCH("rekon",W4&" ")),ISNUMBER(SEARCH("overdue",W4&" ")),ISNUMBER(SEARCH("restruk",W4&" ")),ISNUMBER(SEARCH("tempo",W4&" "))),"Piutang & Pelanggan Bermasalah",IF(OR(ISNUMBER(SEARCH("kiriman",W4&" ")),ISNUMBER(SEARCH("pengiriman",W4&" ")),ISNUMBER(SEARCH("retur",W4&" ")),ISNUMBER(SEARCH("barang",W4&" "))),"Pengiriman, Retur & Logistik",IF(OR(ISNUMBER(SEARCH("contact",W4&" ")),ISNUMBER(SEARCH("kontak",W4&" ")),ISNUMBER(SEARCH("pic",W4&" ")),ISNUMBER(SEARCH("berwenang",W4&" ")),ISNUMBER(SEARCH("follow up",W4&" ")),ISNUMBER(SEARCH("eskalasi",W4&" "))),"Kontak PIC & Eskalasi",IF(OR(ISNUMBER(SEARCH("laporan evaluasi",W4&" ")),ISNUMBER(SEARCH("aplikasi cp",W4&" ")),ISNUMBER(SEARCH("flowchart",W4&" ")),ISNUMBER(SEARCH("acuan",W4&" ")),ISNUMBER(SEARCH("poa",W4&" ")),ISNUMBER(SEARCH("aktifitas",W4&" ")),ISNUMBER(SEARCH("aktivitas",W4&" "))),"Panduan Laporan & Alur Kerja",IF(OR(ISNUMBER(SEARCH("notifikasi",W4&" ")),ISNUMBER(SEARCH("pembaruan",W4&" ")),ISNUMBER(SEARCH("perubahan",W4&" ")),ISNUMBER(SEARCH("update",W4&" "))),"Pembaruan & Notifikasi SOP",IF(OR(ISNUMBER(SEARCH("tidak",W4&" ")),ISNUMBER(SEARCH("tdk",W4&" ")),ISNUMBER(SEARCH("sudah",W4&" ")),ISNUMBER(SEARCH("sdh",W4&" ")),ISNUMBER(SEARCH("cukup",W4&" ")),ISNUMBER(SEARCH("baik",W4&" ")),ISNUMBER(SEARCH("bagus",W4&" ")),ISNUMBER(SEARCH("ok",W4&" ")),ISNUMBER(SEARCH("good",W4&" ")),ISNUMBER(SEARCH("aman",W4&" ")),ISNUMBER(SEARCH("lanjut",W4&" ")),ISNUMBER(SEARCH("mantap",W4&" ")),ISNUMBER(SEARCH("josjis",W4&" ")),ISNUMBER(SEARCH("lumayan",W4&" ")),ISNUMBER(SEARCH("mudah",W4&" ")),ISNUMBER(SEARCH("belum",W4&" ")),ISNUMBER(SEARCH("membantu",W4&" ")),ISNUMBER(SEARCH("comment",W4&" ")),ISNUMBER(SEARCH("lengkap",W4&" ")),ISNUMBER(SEARCH("tercakup",W4&" ")),ISNUMBER(SEARCH("mencakup",W4&" ")),ISNUMBER(SEARCH("semua",W4&" ")),ISNUMBER(SEARCH("penting",W4&" ")),ISNUMBER(SEARCH("terangkum",W4&" ")),ISNUMBER(SEARCH("pas",W4&" ")),ISNUMBER(SEARCH("berjalan",W4&" ")),ISNUMBER(SEARCH("sesuai",W4&" "))),"Tidak ada masukan / sudah baik","Lainnya (perlu dibaca manual)")))))))))) -> Tidak ada masukan / sudah baik | AB4: =IF($A4="","",IF(LEN(SUBSTITUTE(SUBSTITUTE(SUBSTITUTE(X4,"-",""),".",""),"?",""))<2,"Tidak ada masukan / sudah baik",IF(OR(ISNUMBER(SEARCH("urgent",X4&" "))),"Lainnya (perlu dibaca manual)",IF(OR(ISNUMBER(SEARCH("struktur organisasi",X4&" ")),ISNUMBER(SEARCH("pic",X4&" ")),ISNUMBER(SEARCH("cp",X4&" ")),ISNUMBER(SEARCH("personil",X4&" ")),ISNUMBER(SEARCH("sales",X4&" ")),ISNUMBER(SEARCH("muka",X4&" ")),ISNUMBER(SEARCH("eskalasi",X4&" "))),"Struktur Organisasi, PIC & Tim",IF(OR(ISNUMBER(SEARCH("lemot",X4&" ")),ISNUMBER(SEARCH("lambat",X4&" ")),ISNUMBER(SEARCH("memuat",X4&" ")),ISNUMBER(SEARCH("koneksi",X4&" "))),"Kecepatan Akses Website",IF(OR(ISNUMBER(SEARCH("sacs",X4&" ")),ISNUMBER(SEARCH("aplikasi",X4&" "))),"Integrasi ke SACS / Aplikasi Kerja",IF(OR(ISNUMBER(SEARCH("dashboard",X4&" ")),ISNUMBER(SEARCH("kpi",X4&" ")),ISNUMBER(SEARCH("database",X4&" ")),ISNUMBER(SEARCH("kinerja",X4&" ")),ISNUMBER(SEARCH("seluruh cabang",X4&" "))),"Fitur Baru (Dashboard / KPI / Database)",IF(OR(ISNUMBER(SEARCH("video",X4&" ")),ISNUMBER(SEARCH("gambar",X4&" ")),ISNUMBER(SEARCH("jpg",X4&" ")),ISNUMBER(SEARCH("flowchart",X4&" ")),ISNUMBER(SEARCH("tutorial",X4&" "))),"Tambah Video / Gambar / Flowchart",IF(OR(ISNUMBER(SEARCH("template",X4&" ")),ISNUMBER(SEARCH("surat",X4&" ")),ISNUMBER(SEARCH("korin",X4&" ")),ISNUMBER(SEARCH("overdue",X4&" ")),ISNUMBER(SEARCH("restruk",X4&" ")),ISNUMBER(SEARCH("tempo",X4&" ")),ISNUMBER(SEARCH("larangan",X4&" ")),ISNUMBER(SEARCH("posisi lain",X4&" ")),ISNUMBER(SEARCH("jobdesk",X4&" ")),ISNUMBER(SEARCH("jobdisk",X4&" ")),ISNUMBER(SEARCH("langkah",X4&" ")),ISNUMBER(SEARCH("detail",X4&" ")),ISNUMBER(SEARCH("panduan",X4&" ")),ISNUMBER(SEARCH("lengkap lagi",X4&" ")),ISNUMBER(SEARCH("tips",X4&" "))),"Penambahan Materi & Template",IF(OR(ISNUMBER(SEARCH("simpel",X4&" ")),ISNUMBER(SEARCH("simple",X4&" ")),ISNUMBER(SEARCH("ringkas",X4&" ")),ISNUMBER(SEARCH("monoton",X4&" ")),ISNUMBER(SEARCH("penataan",X4&" "))),"Penyederhanaan Isi",IF(OR(ISNUMBER(SEARCH("menarik",X4&" ")),ISNUMBER(SEARCH("design",X4&" ")),ISNUMBER(SEARCH("desain",X4&" ")),ISNUMBER(SEARCH("tampilan",X4&" ")),ISNUMBER(SEARCH("kaku",X4&" ")),ISNUMBER(SEARCH("user friendly",X4&" "))),"Desain Tampilan",IF(OR(ISNUMBER(SEARCH("update",X4&" ")),ISNUMBER(SEARCH("terbaru",X4&" ")),ISNUMBER(SEARCH("terkini",X4&" ")),ISNUMBER(SEARCH("uptodate",X4&" "))),"Update Informasi Berkala",IF(OR(ISNUMBER(SEARCH("tingkat",X4&" ")),ISNUMBER(SEARCH("kembang",X4&" ")),ISNUMBER(SEARCH("inovasi",X4&" ")),ISNUMBER(SEARCH("maintenance",X4&" "))),"Saran Umum Peningkatan",IF(OR(ISNUMBER(SEARCH("tidak",X4&" ")),ISNUMBER(SEARCH("tdk",X4&" ")),ISNUMBER(SEARCH("sudah",X4&" ")),ISNUMBER(SEARCH("sdh",X4&" ")),ISNUMBER(SEARCH("cukup",X4&" ")),ISNUMBER(SEARCH("baik",X4&" ")),ISNUMBER(SEARCH("bagus",X4&" ")),ISNUMBER(SEARCH("ok",X4&" ")),ISNUMBER(SEARCH("good",X4&" ")),ISNUMBER(SEARCH("aman",X4&" ")),ISNUMBER(SEARCH("lanjut",X4&" ")),ISNUMBER(SEARCH("mantap",X4&" ")),ISNUMBER(SEARCH("josjis",X4&" ")),ISNUMBER(SEARCH("lumayan",X4&" ")),ISNUMBER(SEARCH("mudah",X4&" ")),ISNUMBER(SEARCH("belum",X4&" ")),ISNUMBER(SEARCH("membantu",X4&" ")),ISNUMBER(SEARCH("comment",X4&" ")),ISNUMBER(SEARCH("lengkap",X4&" ")),ISNUMBER(SEARCH("tercakup",X4&" ")),ISNUMBER(SEARCH("mencakup",X4&" ")),ISNUMBER(SEARCH("semua",X4&" ")),ISNUMBER(SEARCH("penting",X4&" ")),ISNUMBER(SEARCH("terangkum",X4&" ")),ISNUMBER(SEARCH("pas",X4&" ")),ISNUMBER(SEARCH("berjalan",X4&" ")),ISNUMBER(SEARCH("sesuai",X4&" "))),"Tidak ada masukan / sudah baik","Lainnya (perlu dibaca manual)")))))))))))))) -> Integrasi ke SACS / Aplikasi Kerja | AH4: Jawa Timur | AI4: JATIM | AK4: =IF($A4="","",IF(OR($Z4="Kecepatan & Loading Website",$AB4="Kecepatan Akses Website",AND($AA4="Bukan Terkait SOP (Tampilan / Akses)",OR(ISNUMBER(SEARCH("lemot",$W4)),ISNUMBER(SEARCH("loading",$W4)),ISNUMBER(SEARCH("lambat",$W4))))),1,0)) -> 0 | AL4: =IF($A4="","",IF(OR($Z4="Tampilan di HP (Responsif)"),1,0)) -> 0 | AM4: =IF($A4="","",IF(OR($Z4="Desain, Warna & Font",$AB4="Desain Tampilan",AND($AA4="Bukan Terkait SOP (Tampilan / Akses)",NOT(OR(ISNUMBER(SEARCH("lemot",$W4)),ISNUMBER(SEARCH("loading",$W4)),ISNUMBER(SEARCH("lambat",$W4)))))),1,0)) -> 0 | AN4: =IF($A4="","",IF(OR($Z4="Menu per Jabatan / Navigasi"),1,0)) -> 0 | AO4: =IF($A4="","",IF(OR($Z4="Integrasi dengan SACS / Aplikasi",$AB4="Integrasi ke SACS / Aplikasi Kerja"),1,0)) -> 1 | AP4: =IF($A4="","",IF(OR($AB4="Fitur Baru (Dashboard / KPI / Database)"),1,0)) -> 0 | AQ4: =IF($A4="","",IF(OR($Z4="Penyederhanaan & Ringkas Isi",$AB4="Penyederhanaan Isi"),1,0)) -> 0 | AR4: =IF($A4="","",IF(OR($Z4="Penambahan Isi / Penjelasan",$AB4="Penambahan Materi & Template"),1,0)) -> 0 | AS4: =IF($A4="","",IF(OR($Z4="Tambah Video / Bagan",$AB4="Tambah Video / Gambar / Flowchart"),1,0)) -> 0 | AT4: =IF($A4="","",IF(OR($Z4="Kontak & Informasi PIC",$AA4="Kontak PIC & Eskalasi",$AB4="Struktur Organisasi, PIC & Tim"),1,0)) -> 0 | AU4: =IF($A4="","",IF(OR($AA4="Pembaruan & Notifikasi SOP",$AB4="Update Informasi Berkala"),1,0)) -> 0 | AV4: =IF($A4="","",IF(OR($AA4="Sanksi & Pelanggaran SOP"),1,0)) -> 0 | AW4: =IF($A4="","",IF(OR($AA4="Piutang & Pelanggan Bermasalah"),1,0)) -> 0 | AX4: =IF($A4="","",IF(OR($AA4="Pengiriman, Retur & Logistik"),1,0)) -> 0 | AY4: =IF($A4="","",IF(OR($AA4="Panduan Laporan & Alur Kerja"),1,0)) -> 0 | AZ4: =IF($A4="","",IF(OR($Z4="Saran Umum Peningkatan",$AB4="Saran Umum Peningkatan"),1,0)) -> 0 | BA4: =IF($A4="","",IF(OR($Z4="Lainnya (perlu dibaca manual)",$AA4="Lainnya (perlu dibaca manual)",$AB4="Lainnya (perlu dibaca manual)"),1,0)) -> 0 | BB4: =IF($A4="","",IF(AND($Z4="Tidak ada masukan / sudah baik",$AA4="Tidak ada masukan / sudah baik",$AB4="Tidak ada masukan / sudah baik"),0,1)) -> 1
A5: =IF(INDEX(FORM!$A:$A,ROW())="","",ROW()-1) -> 4 | B5: =IF($A5="","",INDEX(FORM!$A:$A,ROW())) -> 46308.374 | C5: =IF($A5="","",TRIM(INDEX(FORM!$B:$B,ROW()))) -> Iman Suratman | D5: =IF($A5="","",TRIM(INDEX(FORM!$C:$C,ROW())&"")) -> 1511215 | E5: =IF($A5="","",UPPER(TRIM(INDEX(FORM!$D:$D,ROW())))) -> CILACAP | F5: =IF($A5="","",IFERROR(INDEX(PROGRES!$A$2:$A$92,MATCH(E5,PROGRES!$B$2:$B$92,0)),"-")) -> Jawa Tengah | G5: =IF($A5="","",UPPER(TRIM(INDEX(FORM!$F:$F,ROW())))) -> JATENG DIY | H5: =IF($A5="","",UPPER(TRIM(INDEX(FORM!$E:$E,ROW())))) -> CRO | I5: =IF($A5="","",UPPER(TRIM(INDEX(FORM!$G:$G,ROW())))) -> MUDAH | J5: =IF($A5="","",IF(ISNUMBER(SEARCH("Ya,",INDEX(FORM!$H:$H,ROW()))),"YA",IF(ISNUMBER(SEARCH("Cukup,",INDEX(FORM!$H:$H,ROW()))),"CUKUP",IF(ISNUMBER(SEARCH("Kurang,",INDEX(FORM!$H:$H,ROW()))),"KURANG","")))) -> CUKUP | K5: =IF($A5="","",UPPER(TRIM(INDEX(FORM!$J:$J,ROW())))) -> MUDAH | L5: =IF($A5="","",IF(ISNUMBER(SEARCH("Aktivitas Harian",INDEX(FORM!$K:$K,ROW()))),1,0)) -> 0 | M5: =IF($A5="","",IF(ISNUMBER(SEARCH("Aktivitas Mingguan",INDEX(FORM!$K:$K,ROW()))),1,0)) -> 1 | N5: =IF($A5="","",IF(ISNUMBER(SEARCH("Aktivitas Bulanan",INDEX(FORM!$K:$K,ROW()))),1,0)) -> 0 | O5: =IF($A5="","",IF(ISNUMBER(SEARCH("Overview Cabang",INDEX(FORM!$K:$K,ROW()))),1,0)) -> 0 | P5: =IF($A5="","",IFERROR(VLOOKUP(I5,DATA!$AH$9:$AI$13,2,0),"")) -> 3 | Q5: =IF($A5="","",IFERROR(VLOOKUP(J5,DATA!$AH$9:$AI$13,2,0),"")) -> 2 | R5: =IF($A5="","",IFERROR(VLOOKUP(K5,DATA!$AH$9:$AI$13,2,0),"")) -> 3 | S5: =IF($A5="","",IFERROR(AVERAGE(P5:R5),"")) -> 2.6666667 | T5: =IF($A5="","",IF(COUNTIF($D$2:D5,D5)=1,1,0)) -> 1 | U5: =IF($A5="","",IF(F5="-","Cabang tdk ada",IF(IFERROR(VLOOKUP(G5,#REF!,1,0),"")="","",IF(INDEX(DATA!$AH$2:$AH$5,MATCH(G5,DATA!$AI$2:$AI$5,0))<>F5,"Wilayah beda","OK")))) | V5: =IF($A5="","",TRIM(INDEX(FORM!$I:$I,ROW())&"")) -> Sudah baik | W5: =IF($A5="","",TRIM(INDEX(FORM!$L:$L,ROW())&"")) -> Cukup | X5: =IF($A5="","",TRIM(INDEX(FORM!$M:$M,ROW())&"")) -> Sudah cukup baik | Y5: =IF($A5="","",IFERROR(MATCH(F5,DATA!$AH$2:$AH$5,0),9)*10000+A5) -> 20004 | Z5: =IF($A5="","",IF(LEN(SUBSTITUTE(SUBSTITUTE(SUBSTITUTE(V5,"-",""),".",""),"?",""))<2,"Tidak ada masukan / sudah baik",IF(OR(ISNUMBER(SEARCH("memang harus",V5&" "))),"Tidak ada masukan / sudah baik",IF(OR(ISNUMBER(SEARCH("lemot",V5&" ")),ISNUMBER(SEARCH("loading",V5&" ")),ISNUMBER(SEARCH("lambat",V5&" ")),ISNUMBER(SEARCH("kecepatan",V5&" ")),ISNUMBER(SEARCH("koneksi",V5&" ")),ISNUMBER(SEARCH("eroro",V5&" ")),ISNUMBER(SEARCH("error",V5&" ")),ISNUMBER(SEARCH("ketutup",V5&" "))),"Kecepatan & Loading Website",IF(OR(ISNUMBER(SEARCH("kontak",V5&" ")),ISNUMBER(SEARCH("pic",V5&" ")),ISNUMBER(SEARCH("darurat",V5&" "))),"Kontak & Informasi PIC",IF(OR(ISNUMBER(SEARCH("sacs",V5&" ")),ISNUMBER(SEARCH("aplikasi",V5&" ")),ISNUMBER(SEARCH("kinerja",V5&" ")),ISNUMBER(SEARCH("seluruh cabang",V5&" "))),"Integrasi dengan SACS / Aplikasi",IF(OR(ISNUMBER(SEARCH("mobile",V5&" ")),ISNUMBER(SEARCH("lebih responsif",V5&" ")),ISNUMBER(SEARCH("scroll",V5&" ")),ISNUMBER(SEARCH("melebar",V5&" "))),"Tampilan di HP (Responsif)",IF(OR(ISNUMBER(SEARCH("simpel",V5&" ")),ISNUMBER(SEARCH("simple",V5&" ")),ISNUMBER(SEARCH("sederhana",V5&" ")),ISNUMBER(SEARCH("ringkas",V5&" ")),ISNUMBER(SEARCH("intinya",V5&" ")),ISNUMBER(SEARCH("panjang lebar",V5&" ")),ISNUMBER(SEARCH("mudah dipahami lagi",V5&" ")),ISNUMBER(SEARCH("tata letak",V5&" ")),ISNUMBER(SEARCH("harus mencari",V5&" "))),"Penyederhanaan & Ringkas Isi",IF(OR(ISNUMBER(SEARCH("menu ",V5&" ")),ISNUMBER(SEARCH("tiap posisi",V5&" ")),ISNUMBER(SEARCH("pilihan antara",V5&" "))),"Menu per Jabatan / Navigasi",IF(OR(ISNUMBER(SEARCH("video",V5&" ")),ISNUMBER(SEARCH("vidio",V5&" ")),ISNUMBER(SEARCH("bagan",V5&" ")),ISNUMBER(SEARCH("gambar",V5&" ")),ISNUMBER(SEARCH("qna",V5&" "))),"Tambah Video / Bagan",IF(OR(ISNUMBER(SEARCH("menarik",V5&" ")),ISNUMBER(SEARCH("design",V5&" ")),ISNUMBER(SEARCH("desain",V5&" ")),ISNUMBER(SEARCH("font",V5&" ")),ISNUMBER(SEARCH("warna",V5&" ")),ISNUMBER(SEARCH("soft",V5&" ")),ISNUMBER(SEARCH("kaku",V5&" ")),ISNUMBER(SEARCH("elegan",V5&" ")),ISNUMBER(SEARCH("grafis",V5&" ")),ISNUMBER(SEARCH("visual",V5&" ")),ISNUMBER(SEARCH("logo",V5&" ")),ISNUMBER(SEARCH("jenuh",V5&" ")),ISNUMBER(SEARCH("abu",V5&" ")),ISNUMBER(SEARCH("tampilannya",V5&" ")),ISNUMBER(SEARCH("tampilan dibuat",V5&" ")),ISNUMBER(SEARCH("tamoilan",V5&" ")),ISNUMBER(SEARCH("lebih user friendly",V5&" "))),"Desain, Warna & Font",IF(OR(ISNUMBER(SEARCH("perbanyak",V5&" ")),ISNUMBER(SEARCH("jabarkan",V5&" ")),ISNUMBER(SEARCH("jobdesk",V5&" ")),ISNUMBER(SEARCH("pengajuan",V5&" ")),ISNUMBER(SEARCH("informasi",V5&" "))),"Penambahan Isi / Penjelasan",IF(OR(ISNUMBER(SEARCH("tingkat",V5&" ")),ISNUMBER(SEARCH("kembang",V5&" ")),ISNUMBER(SEARCH("lebih baik lagi",V5&" ")),ISNUMBER(SEARCH("maksimal",V5&" ")),ISNUMBER(SEARCH("penikatan",V5&" "))),"Saran Umum Peningkatan",IF(OR(ISNUMBER(SEARCH("tidak",V5&" ")),ISNUMBER(SEARCH("tdk",V5&" ")),ISNUMBER(SEARCH("sudah",V5&" ")),ISNUMBER(SEARCH("sdh",V5&" ")),ISNUMBER(SEARCH("cukup",V5&" ")),ISNUMBER(SEARCH("baik",V5&" ")),ISNUMBER(SEARCH("bagus",V5&" ")),ISNUMBER(SEARCH("ok",V5&" ")),ISNUMBER(SEARCH("good",V5&" ")),ISNUMBER(SEARCH("aman",V5&" ")),ISNUMBER(SEARCH("lanjut",V5&" ")),ISNUMBER(SEARCH("mantap",V5&" ")),ISNUMBER(SEARCH("josjis",V5&" ")),ISNUMBER(SEARCH("lumayan",V5&" ")),ISNUMBER(SEARCH("mudah",V5&" ")),ISNUMBER(SEARCH("belum",V5&" ")),ISNUMBER(SEARCH("membantu",V5&" ")),ISNUMBER(SEARCH("comment",V5&" ")),ISNUMBER(SEARCH("lengkap",V5&" ")),ISNUMBER(SEARCH("tercakup",V5&" ")),ISNUMBER(SEARCH("mencakup",V5&" ")),ISNUMBER(SEARCH("semua",V5&" ")),ISNUMBER(SEARCH("penting",V5&" ")),ISNUMBER(SEARCH("terangkum",V5&" ")),ISNUMBER(SEARCH("pas",V5&" ")),ISNUMBER(SEARCH("berjalan",V5&" ")),ISNUMBER(SEARCH("sesuai",V5&" "))),"Tidak ada masukan / sudah baik","Lainnya (perlu dibaca manual)")))))))))))))) -> Tidak ada masukan / sudah baik | AA5: =IF($A5="","",IF(LEN(SUBSTITUTE(SUBSTITUTE(SUBSTITUTE(W5,"-",""),".",""),"?",""))<2,"Tidak ada masukan / sudah baik",IF(OR(ISNUMBER(SEARCH("tampilan",W5&" ")),ISNUMBER(SEARCH("lemot",W5&" "))),"Bukan Terkait SOP (Tampilan / Akses)",IF(OR(ISNUMBER(SEARCH("sanksi",W5&" ")),ISNUMBER(SEARCH("pelanggaran",W5&" ")),ISNUMBER(SEARCH("larangan",W5&" ")),ISNUMBER(SEARCH("rekening pribadi",W5&" "))),"Sanksi & Pelanggaran SOP",IF(OR(ISNUMBER(SEARCH("npl",W5&" ")),ISNUMBER(SEARCH("piutang",W5&" ")),ISNUMBER(SEARCH("rekon",W5&" ")),ISNUMBER(SEARCH("overdue",W5&" ")),ISNUMBER(SEARCH("restruk",W5&" ")),ISNUMBER(SEARCH("tempo",W5&" "))),"Piutang & Pelanggan Bermasalah",IF(OR(ISNUMBER(SEARCH("kiriman",W5&" ")),ISNUMBER(SEARCH("pengiriman",W5&" ")),ISNUMBER(SEARCH("retur",W5&" ")),ISNUMBER(SEARCH("barang",W5&" "))),"Pengiriman, Retur & Logistik",IF(OR(ISNUMBER(SEARCH("contact",W5&" ")),ISNUMBER(SEARCH("kontak",W5&" ")),ISNUMBER(SEARCH("pic",W5&" ")),ISNUMBER(SEARCH("berwenang",W5&" ")),ISNUMBER(SEARCH("follow up",W5&" ")),ISNUMBER(SEARCH("eskalasi",W5&" "))),"Kontak PIC & Eskalasi",IF(OR(ISNUMBER(SEARCH("laporan evaluasi",W5&" ")),ISNUMBER(SEARCH("aplikasi cp",W5&" ")),ISNUMBER(SEARCH("flowchart",W5&" ")),ISNUMBER(SEARCH("acuan",W5&" ")),ISNUMBER(SEARCH("poa",W5&" ")),ISNUMBER(SEARCH("aktifitas",W5&" ")),ISNUMBER(SEARCH("aktivitas",W5&" "))),"Panduan Laporan & Alur Kerja",IF(OR(ISNUMBER(SEARCH("notifikasi",W5&" ")),ISNUMBER(SEARCH("pembaruan",W5&" ")),ISNUMBER(SEARCH("perubahan",W5&" ")),ISNUMBER(SEARCH("update",W5&" "))),"Pembaruan & Notifikasi SOP",IF(OR(ISNUMBER(SEARCH("tidak",W5&" ")),ISNUMBER(SEARCH("tdk",W5&" ")),ISNUMBER(SEARCH("sudah",W5&" ")),ISNUMBER(SEARCH("sdh",W5&" ")),ISNUMBER(SEARCH("cukup",W5&" ")),ISNUMBER(SEARCH("baik",W5&" ")),ISNUMBER(SEARCH("bagus",W5&" ")),ISNUMBER(SEARCH("ok",W5&" ")),ISNUMBER(SEARCH("good",W5&" ")),ISNUMBER(SEARCH("aman",W5&" ")),ISNUMBER(SEARCH("lanjut",W5&" ")),ISNUMBER(SEARCH("mantap",W5&" ")),ISNUMBER(SEARCH("josjis",W5&" ")),ISNUMBER(SEARCH("lumayan",W5&" ")),ISNUMBER(SEARCH("mudah",W5&" ")),ISNUMBER(SEARCH("belum",W5&" ")),ISNUMBER(SEARCH("membantu",W5&" ")),ISNUMBER(SEARCH("comment",W5&" ")),ISNUMBER(SEARCH("lengkap",W5&" ")),ISNUMBER(SEARCH("tercakup",W5&" ")),ISNUMBER(SEARCH("mencakup",W5&" ")),ISNUMBER(SEARCH("semua",W5&" ")),ISNUMBER(SEARCH("penting",W5&" ")),ISNUMBER(SEARCH("terangkum",W5&" ")),ISNUMBER(SEARCH("pas",W5&" ")),ISNUMBER(SEARCH("berjalan",W5&" ")),ISNUMBER(SEARCH("sesuai",W5&" "))),"Tidak ada masukan / sudah baik","Lainnya (perlu dibaca manual)")))))))))) -> Tidak ada masukan / sudah baik | AB5: =IF($A5="","",IF(LEN(SUBSTITUTE(SUBSTITUTE(SUBSTITUTE(X5,"-",""),".",""),"?",""))<2,"Tidak ada masukan / sudah baik",IF(OR(ISNUMBER(SEARCH("urgent",X5&" "))),"Lainnya (perlu dibaca manual)",IF(OR(ISNUMBER(SEARCH("struktur organisasi",X5&" ")),ISNUMBER(SEARCH("pic",X5&" ")),ISNUMBER(SEARCH("cp",X5&" ")),ISNUMBER(SEARCH("personil",X5&" ")),ISNUMBER(SEARCH("sales",X5&" ")),ISNUMBER(SEARCH("muka",X5&" ")),ISNUMBER(SEARCH("eskalasi",X5&" "))),"Struktur Organisasi, PIC & Tim",IF(OR(ISNUMBER(SEARCH("lemot",X5&" ")),ISNUMBER(SEARCH("lambat",X5&" ")),ISNUMBER(SEARCH("memuat",X5&" ")),ISNUMBER(SEARCH("koneksi",X5&" "))),"Kecepatan Akses Website",IF(OR(ISNUMBER(SEARCH("sacs",X5&" ")),ISNUMBER(SEARCH("aplikasi",X5&" "))),"Integrasi ke SACS / Aplikasi Kerja",IF(OR(ISNUMBER(SEARCH("dashboard",X5&" ")),ISNUMBER(SEARCH("kpi",X5&" ")),ISNUMBER(SEARCH("database",X5&" ")),ISNUMBER(SEARCH("kinerja",X5&" ")),ISNUMBER(SEARCH("seluruh cabang",X5&" "))),"Fitur Baru (Dashboard / KPI / Database)",IF(OR(ISNUMBER(SEARCH("video",X5&" ")),ISNUMBER(SEARCH("gambar",X5&" ")),ISNUMBER(SEARCH("jpg",X5&" ")),ISNUMBER(SEARCH("flowchart",X5&" ")),ISNUMBER(SEARCH("tutorial",X5&" "))),"Tambah Video / Gambar / Flowchart",IF(OR(ISNUMBER(SEARCH("template",X5&" ")),ISNUMBER(SEARCH("surat",X5&" ")),ISNUMBER(SEARCH("korin",X5&" ")),ISNUMBER(SEARCH("overdue",X5&" ")),ISNUMBER(SEARCH("restruk",X5&" ")),ISNUMBER(SEARCH("tempo",X5&" ")),ISNUMBER(SEARCH("larangan",X5&" ")),ISNUMBER(SEARCH("posisi lain",X5&" ")),ISNUMBER(SEARCH("jobdesk",X5&" ")),ISNUMBER(SEARCH("jobdisk",X5&" ")),ISNUMBER(SEARCH("langkah",X5&" ")),ISNUMBER(SEARCH("detail",X5&" ")),ISNUMBER(SEARCH("panduan",X5&" ")),ISNUMBER(SEARCH("lengkap lagi",X5&" ")),ISNUMBER(SEARCH("tips",X5&" "))),"Penambahan Materi & Template",IF(OR(ISNUMBER(SEARCH("simpel",X5&" ")),ISNUMBER(SEARCH("simple",X5&" ")),ISNUMBER(SEARCH("ringkas",X5&" ")),ISNUMBER(SEARCH("monoton",X5&" ")),ISNUMBER(SEARCH("penataan",X5&" "))),"Penyederhanaan Isi",IF(OR(ISNUMBER(SEARCH("menarik",X5&" ")),ISNUMBER(SEARCH("design",X5&" ")),ISNUMBER(SEARCH("desain",X5&" ")),ISNUMBER(SEARCH("tampilan",X5&" ")),ISNUMBER(SEARCH("kaku",X5&" ")),ISNUMBER(SEARCH("user friendly",X5&" "))),"Desain Tampilan",IF(OR(ISNUMBER(SEARCH("update",X5&" ")),ISNUMBER(SEARCH("terbaru",X5&" ")),ISNUMBER(SEARCH("terkini",X5&" ")),ISNUMBER(SEARCH("uptodate",X5&" "))),"Update Informasi Berkala",IF(OR(ISNUMBER(SEARCH("tingkat",X5&" ")),ISNUMBER(SEARCH("kembang",X5&" ")),ISNUMBER(SEARCH("inovasi",X5&" ")),ISNUMBER(SEARCH("maintenance",X5&" "))),"Saran Umum Peningkatan",IF(OR(ISNUMBER(SEARCH("tidak",X5&" ")),ISNUMBER(SEARCH("tdk",X5&" ")),ISNUMBER(SEARCH("sudah",X5&" ")),ISNUMBER(SEARCH("sdh",X5&" ")),ISNUMBER(SEARCH("cukup",X5&" ")),ISNUMBER(SEARCH("baik",X5&" ")),ISNUMBER(SEARCH("bagus",X5&" ")),ISNUMBER(SEARCH("ok",X5&" ")),ISNUMBER(SEARCH("good",X5&" ")),ISNUMBER(SEARCH("aman",X5&" ")),ISNUMBER(SEARCH("lanjut",X5&" ")),ISNUMBER(SEARCH("mantap",X5&" ")),ISNUMBER(SEARCH("josjis",X5&" ")),ISNUMBER(SEARCH("lumayan",X5&" ")),ISNUMBER(SEARCH("mudah",X5&" ")),ISNUMBER(SEARCH("belum",X5&" ")),ISNUMBER(SEARCH("membantu",X5&" ")),ISNUMBER(SEARCH("comment",X5&" ")),ISNUMBER(SEARCH("lengkap",X5&" ")),ISNUMBER(SEARCH("tercakup",X5&" ")),ISNUMBER(SEARCH("mencakup",X5&" ")),ISNUMBER(SEARCH("semua",X5&" ")),ISNUMBER(SEARCH("penting",X5&" ")),ISNUMBER(SEARCH("terangkum",X5&" ")),ISNUMBER(SEARCH("pas",X5&" ")),ISNUMBER(SEARCH("berjalan",X5&" ")),ISNUMBER(SEARCH("sesuai",X5&" "))),"Tidak ada masukan / sudah baik","Lainnya (perlu dibaca manual)")))))))))))))) -> Tidak ada masukan / sudah baik | AH5: Luar Pulau | AI5: LUAR PULAU | AK5: =IF($A5="","",IF(OR($Z5="Kecepatan & Loading Website",$AB5="Kecepatan Akses Website",AND($AA5="Bukan Terkait SOP (Tampilan / Akses)",OR(ISNUMBER(SEARCH("lemot",$W5)),ISNUMBER(SEARCH("loading",$W5)),ISNUMBER(SEARCH("lambat",$W5))))),1,0)) -> 0 | AL5: =IF($A5="","",IF(OR($Z5="Tampilan di HP (Responsif)"),1,0)) -> 0 | AM5: =IF($A5="","",IF(OR($Z5="Desain, Warna & Font",$AB5="Desain Tampilan",AND($AA5="Bukan Terkait SOP (Tampilan / Akses)",NOT(OR(ISNUMBER(SEARCH("lemot",$W5)),ISNUMBER(SEARCH("loading",$W5)),ISNUMBER(SEARCH("lambat",$W5)))))),1,0)) -> 0 | AN5: =IF($A5="","",IF(OR($Z5="Menu per Jabatan / Navigasi"),1,0)) -> 0 | AO5: =IF($A5="","",IF(OR($Z5="Integrasi dengan SACS / Aplikasi",$AB5="Integrasi ke SACS / Aplikasi Kerja"),1,0)) -> 0 | AP5: =IF($A5="","",IF(OR($AB5="Fitur Baru (Dashboard / KPI / Database)"),1,0)) -> 0 | AQ5: =IF($A5="","",IF(OR($Z5="Penyederhanaan & Ringkas Isi",$AB5="Penyederhanaan Isi"),1,0)) -> 0 | AR5: =IF($A5="","",IF(OR($Z5="Penambahan Isi / Penjelasan",$AB5="Penambahan Materi & Template"),1,0)) -> 0 | AS5: =IF($A5="","",IF(OR($Z5="Tambah Video / Bagan",$AB5="Tambah Video / Gambar / Flowchart"),1,0)) -> 0 | AT5: =IF($A5="","",IF(OR($Z5="Kontak & Informasi PIC",$AA5="Kontak PIC & Eskalasi",$AB5="Struktur Organisasi, PIC & Tim"),1,0)) -> 0 | AU5: =IF($A5="","",IF(OR($AA5="Pembaruan & Notifikasi SOP",$AB5="Update Informasi Berkala"),1,0)) -> 0 | AV5: =IF($A5="","",IF(OR($AA5="Sanksi & Pelanggaran SOP"),1,0)) -> 0 | AW5: =IF($A5="","",IF(OR($AA5="Piutang & Pelanggan Bermasalah"),1,0)) -> 0 | AX5: =IF($A5="","",IF(OR($AA5="Pengiriman, Retur & Logistik"),1,0)) -> 0 | AY5: =IF($A5="","",IF(OR($AA5="Panduan Laporan & Alur Kerja"),1,0)) -> 0 | AZ5: =IF($A5="","",IF(OR($Z5="Saran Umum Peningkatan",$AB5="Saran Umum Peningkatan"),1,0)) -> 0 | BA5: =IF($A5="","",IF(OR($Z5="Lainnya (perlu dibaca manual)",$AA5="Lainnya (perlu dibaca manual)",$AB5="Lainnya (perlu dibaca manual)"),1,0)) -> 0 | BB5: =IF($A5="","",IF(AND($Z5="Tidak ada masukan / sudah baik",$AA5="Tidak ada masukan / sudah baik",$AB5="Tidak ada masukan / sudah baik"),0,1)) -> 0
A6: =IF(INDEX(FORM!$A:$A,ROW())="","",ROW()-1) -> 5 | B6: =IF($A6="","",INDEX(FORM!$A:$A,ROW())) -> 46308.377 | C6: =IF($A6="","",TRIM(INDEX(FORM!$B:$B,ROW()))) -> Ariya Fatwa Ramadhi Baskara | D6: =IF($A6="","",TRIM(INDEX(FORM!$C:$C,ROW())&"")) -> 1511356 | E6: =IF($A6="","",UPPER(TRIM(INDEX(FORM!$D:$D,ROW())))) -> CILACAP | F6: =IF($A6="","",IFERROR(INDEX(PROGRES!$A$2:$A$92,MATCH(E6,PROGRES!$B$2:$B$92,0)),"-")) -> Jawa Tengah | G6: =IF($A6="","",UPPER(TRIM(INDEX(FORM!$F:$F,ROW())))) -> JATENG DIY | H6: =IF($A6="","",UPPER(TRIM(INDEX(FORM!$E:$E,ROW())))) -> CRO | I6: =IF($A6="","",UPPER(TRIM(INDEX(FORM!$G:$G,ROW())))) -> MUDAH | J6: =IF($A6="","",IF(ISNUMBER(SEARCH("Ya,",INDEX(FORM!$H:$H,ROW()))),"YA",IF(ISNUMBER(SEARCH("Cukup,",INDEX(FORM!$H:$H,ROW()))),"CUKUP",IF(ISNUMBER(SEARCH("Kurang,",INDEX(FORM!$H:$H,ROW()))),"KURANG","")))) -> YA | K6: =IF($A6="","",UPPER(TRIM(INDEX(FORM!$J:$J,ROW())))) -> MUDAH | L6: =IF($A6="","",IF(ISNUMBER(SEARCH("Aktivitas Harian",INDEX(FORM!$K:$K,ROW()))),1,0)) -> 0 | M6: =IF($A6="","",IF(ISNUMBER(SEARCH("Aktivitas Mingguan",INDEX(FORM!$K:$K,ROW()))),1,0)) -> 0 | N6: =IF($A6="","",IF(ISNUMBER(SEARCH("Aktivitas Bulanan",INDEX(FORM!$K:$K,ROW()))),1,0)) -> 0 | O6: =IF($A6="","",IF(ISNUMBER(SEARCH("Overview Cabang",INDEX(FORM!$K:$K,ROW()))),1,0)) -> 1 | P6: =IF($A6="","",IFERROR(VLOOKUP(I6,DATA!$AH$9:$AI$13,2,0),"")) -> 3 | Q6: =IF($A6="","",IFERROR(VLOOKUP(J6,DATA!$AH$9:$AI$13,2,0),"")) -> 3 | R6: =IF($A6="","",IFERROR(VLOOKUP(K6,DATA!$AH$9:$AI$13,2,0),"")) -> 3 | S6: =IF($A6="","",IFERROR(AVERAGE(P6:R6),"")) -> 3 | T6: =IF($A6="","",IF(COUNTIF($D$2:D6,D6)=1,1,0)) -> 1 | U6: =IF($A6="","",IF(F6="-","Cabang tdk ada",IF(IFERROR(VLOOKUP(G6,#REF!,1,0),"")="","",IF(INDEX(DATA!$AH$2:$AH$5,MATCH(G6,DATA!$AI$2:$AI$5,0))<>F6,"Wilayah beda","OK")))) | V6: =IF($A6="","",TRIM(INDEX(FORM!$I:$I,ROW())&"")) -> Perlengkap informasi kontak darurat,misalnya apabila mengalami kesulitan dalam mengakses SACS atau mengalami force closed berkali kali khususnya untuk CRO yang bersinggungan langsung dengan calon customer / NOO | W6: =IF($A6="","",TRIM(INDEX(FORM!$L:$L,ROW())&"")) -> Tidak ada | X6: =IF($A6="","",TRIM(INDEX(FORM!$M:$M,ROW())&"")) -> Cukup | Y6: =IF($A6="","",IFERROR(MATCH(F6,DATA!$AH$2:$AH$5,0),9)*10000+A6) -> 20005 | Z6: =IF($A6="","",IF(LEN(SUBSTITUTE(SUBSTITUTE(SUBSTITUTE(V6,"-",""),".",""),"?",""))<2,"Tidak ada masukan / sudah baik",IF(OR(ISNUMBER(SEARCH("memang harus",V6&" "))),"Tidak ada masukan / sudah baik",IF(OR(ISNUMBER(SEARCH("lemot",V6&" ")),ISNUMBER(SEARCH("loading",V6&" ")),ISNUMBER(SEARCH("lambat",V6&" ")),ISNUMBER(SEARCH("kecepatan",V6&" ")),ISNUMBER(SEARCH("koneksi",V6&" ")),ISNUMBER(SEARCH("eroro",V6&" ")),ISNUMBER(SEARCH("error",V6&" ")),ISNUMBER(SEARCH("ketutup",V6&" "))),"Kecepatan & Loading Website",IF(OR(ISNUMBER(SEARCH("kontak",V6&" ")),ISNUMBER(SEARCH("pic",V6&" ")),ISNUMBER(SEARCH("darurat",V6&" "))),"Kontak & Informasi PIC",IF(OR(ISNUMBER(SEARCH("sacs",V6&" ")),ISNUMBER(SEARCH("aplikasi",V6&" ")),ISNUMBER(SEARCH("kinerja",V6&" ")),ISNUMBER(SEARCH("seluruh cabang",V6&" "))),"Integrasi dengan SACS / Aplikasi",IF(OR(ISNUMBER(SEARCH("mobile",V6&" ")),ISNUMBER(SEARCH("lebih responsif",V6&" ")),ISNUMBER(SEARCH("scroll",V6&" ")),ISNUMBER(SEARCH("melebar",V6&" "))),"Tampilan di HP (Responsif)",IF(OR(ISNUMBER(SEARCH("simpel",V6&" ")),ISNUMBER(SEARCH("simple",V6&" ")),ISNUMBER(SEARCH("sederhana",V6&" ")),ISNUMBER(SEARCH("ringkas",V6&" ")),ISNUMBER(SEARCH("intinya",V6&" ")),ISNUMBER(SEARCH("panjang lebar",V6&" ")),ISNUMBER(SEARCH("mudah dipahami lagi",V6&" ")),ISNUMBER(SEARCH("tata letak",V6&" ")),ISNUMBER(SEARCH("harus mencari",V6&" "))),"Penyederhanaan & Ringkas Isi",IF(OR(ISNUMBER(SEARCH("menu ",V6&" ")),ISNUMBER(SEARCH("tiap posisi",V6&" ")),ISNUMBER(SEARCH("pilihan antara",V6&" "))),"Menu per Jabatan / Navigasi",IF(OR(ISNUMBER(SEARCH("video",V6&" ")),ISNUMBER(SEARCH("vidio",V6&" ")),ISNUMBER(SEARCH("bagan",V6&" ")),ISNUMBER(SEARCH("gambar",V6&" ")),ISNUMBER(SEARCH("qna",V6&" "))),"Tambah Video / Bagan",IF(OR(ISNUMBER(SEARCH("menarik",V6&" ")),ISNUMBER(SEARCH("design",V6&" ")),ISNUMBER(SEARCH("desain",V6&" ")),ISNUMBER(SEARCH("font",V6&" ")),ISNUMBER(SEARCH("warna",V6&" ")),ISNUMBER(SEARCH("soft",V6&" ")),ISNUMBER(SEARCH("kaku",V6&" ")),ISNUMBER(SEARCH("elegan",V6&" ")),ISNUMBER(SEARCH("grafis",V6&" ")),ISNUMBER(SEARCH("visual",V6&" ")),ISNUMBER(SEARCH("logo",V6&" ")),ISNUMBER(SEARCH("jenuh",V6&" ")),ISNUMBER(SEARCH("abu",V6&" ")),ISNUMBER(SEARCH("tampilannya",V6&" ")),ISNUMBER(SEARCH("tampilan dibuat",V6&" ")),ISNUMBER(SEARCH("tamoilan",V6&" ")),ISNUMBER(SEARCH("lebih user friendly",V6&" "))),"Desain, Warna & Font",IF(OR(ISNUMBER(SEARCH("perbanyak",V6&" ")),ISNUMBER(SEARCH("jabarkan",V6&" ")),ISNUMBER(SEARCH("jobdesk",V6&" ")),ISNUMBER(SEARCH("pengajuan",V6&" ")),ISNUMBER(SEARCH("informasi",V6&" "))),"Penambahan Isi / Penjelasan",IF(OR(ISNUMBER(SEARCH("tingkat",V6&" ")),ISNUMBER(SEARCH("kembang",V6&" ")),ISNUMBER(SEARCH("lebih baik lagi",V6&" ")),ISNUMBER(SEARCH("maksimal",V6&" ")),ISNUMBER(SEARCH("penikatan",V6&" "))),"Saran Umum Peningkatan",IF(OR(ISNUMBER(SEARCH("tidak",V6&" ")),ISNUMBER(SEARCH("tdk",V6&" ")),ISNUMBER(SEARCH("sudah",V6&" ")),ISNUMBER(SEARCH("sdh",V6&" ")),ISNUMBER(SEARCH("cukup",V6&" ")),ISNUMBER(SEARCH("baik",V6&" ")),ISNUMBER(SEARCH("bagus",V6&" ")),ISNUMBER(SEARCH("ok",V6&" ")),ISNUMBER(SEARCH("good",V6&" ")),ISNUMBER(SEARCH("aman",V6&" ")),ISNUMBER(SEARCH("lanjut",V6&" ")),ISNUMBER(SEARCH("mantap",V6&" ")),ISNUMBER(SEARCH("josjis",V6&" ")),ISNUMBER(SEARCH("lumayan",V6&" ")),ISNUMBER(SEARCH("mudah",V6&" ")),ISNUMBER(SEARCH("belum",V6&" ")),ISNUMBER(SEARCH("membantu",V6&" ")),ISNUMBER(SEARCH("comment",V6&" ")),ISNUMBER(SEARCH("lengkap",V6&" ")),ISNUMBER(SEARCH("tercakup",V6&" ")),ISNUMBER(SEARCH("mencakup",V6&" ")),ISNUMBER(SEARCH("semua",V6&" ")),ISNUMBER(SEARCH("penting",V6&" ")),ISNUMBER(SEARCH("terangkum",V6&" ")),ISNUMBER(SEARCH("pas",V6&" ")),ISNUMBER(SEARCH("berjalan",V6&" ")),ISNUMBER(SEARCH("sesuai",V6&" "))),"Tidak ada masukan / sudah baik","Lainnya (perlu dibaca manual)")))))))))))))) -> Kontak & Informasi PIC | AA6: =IF($A6="","",IF(LEN(SUBSTITUTE(SUBSTITUTE(SUBSTITUTE(W6,"-",""),".",""),"?",""))<2,"Tidak ada masukan / sudah baik",IF(OR(ISNUMBER(SEARCH("tampilan",W6&" ")),ISNUMBER(SEARCH("lemot",W6&" "))),"Bukan Terkait SOP (Tampilan / Akses)",IF(OR(ISNUMBER(SEARCH("sanksi",W6&" ")),ISNUMBER(SEARCH("pelanggaran",W6&" ")),ISNUMBER(SEARCH("larangan",W6&" ")),ISNUMBER(SEARCH("rekening pribadi",W6&" "))),"Sanksi & Pelanggaran SOP",IF(OR(ISNUMBER(SEARCH("npl",W6&" ")),ISNUMBER(SEARCH("piutang",W6&" ")),ISNUMBER(SEARCH("rekon",W6&" ")),ISNUMBER(SEARCH("overdue",W6&" ")),ISNUMBER(SEARCH("restruk",W6&" ")),ISNUMBER(SEARCH("tempo",W6&" "))),"Piutang & Pelanggan Bermasalah",IF(OR(ISNUMBER(SEARCH("kiriman",W6&" ")),ISNUMBER(SEARCH("pengiriman",W6&" ")),ISNUMBER(SEARCH("retur",W6&" ")),ISNUMBER(SEARCH("barang",W6&" "))),"Pengiriman, Retur & Logistik",IF(OR(ISNUMBER(SEARCH("contact",W6&" ")),ISNUMBER(SEARCH("kontak",W6&" ")),ISNUMBER(SEARCH("pic",W6&" ")),ISNUMBER(SEARCH("berwenang",W6&" ")),ISNUMBER(SEARCH("follow up",W6&" ")),ISNUMBER(SEARCH("eskalasi",W6&" "))),"Kontak PIC & Eskalasi",IF(OR(ISNUMBER(SEARCH("laporan evaluasi",W6&" ")),ISNUMBER(SEARCH("aplikasi cp",W6&" ")),ISNUMBER(SEARCH("flowchart",W6&" ")),ISNUMBER(SEARCH("acuan",W6&" ")),ISNUMBER(SEARCH("poa",W6&" ")),ISNUMBER(SEARCH("aktifitas",W6&" ")),ISNUMBER(SEARCH("aktivitas",W6&" "))),"Panduan Laporan & Alur Kerja",IF(OR(ISNUMBER(SEARCH("notifikasi",W6&" ")),ISNUMBER(SEARCH("pembaruan",W6&" ")),ISNUMBER(SEARCH("perubahan",W6&" ")),ISNUMBER(SEARCH("update",W6&" "))),"Pembaruan & Notifikasi SOP",IF(OR(ISNUMBER(SEARCH("tidak",W6&" ")),ISNUMBER(SEARCH("tdk",W6&" ")),ISNUMBER(SEARCH("sudah",W6&" ")),ISNUMBER(SEARCH("sdh",W6&" ")),ISNUMBER(SEARCH("cukup",W6&" ")),ISNUMBER(SEARCH("baik",W6&" ")),ISNUMBER(SEARCH("bagus",W6&" ")),ISNUMBER(SEARCH("ok",W6&" ")),ISNUMBER(SEARCH("good",W6&" ")),ISNUMBER(SEARCH("aman",W6&" ")),ISNUMBER(SEARCH("lanjut",W6&" ")),ISNUMBER(SEARCH("mantap",W6&" ")),ISNUMBER(SEARCH("josjis",W6&" ")),ISNUMBER(SEARCH("lumayan",W6&" ")),ISNUMBER(SEARCH("mudah",W6&" ")),ISNUMBER(SEARCH("belum",W6&" ")),ISNUMBER(SEARCH("membantu",W6&" ")),ISNUMBER(SEARCH("comment",W6&" ")),ISNUMBER(SEARCH("lengkap",W6&" ")),ISNUMBER(SEARCH("tercakup",W6&" ")),ISNUMBER(SEARCH("mencakup",W6&" ")),ISNUMBER(SEARCH("semua",W6&" ")),ISNUMBER(SEARCH("penting",W6&" ")),ISNUMBER(SEARCH("terangkum",W6&" ")),ISNUMBER(SEARCH("pas",W6&" ")),ISNUMBER(SEARCH("berjalan",W6&" ")),ISNUMBER(SEARCH("sesuai",W6&" "))),"Tidak ada masukan / sudah baik","Lainnya (perlu dibaca manual)")))))))))) -> Tidak ada masukan / sudah baik | AB6: =IF($A6="","",IF(LEN(SUBSTITUTE(SUBSTITUTE(SUBSTITUTE(X6,"-",""),".",""),"?",""))<2,"Tidak ada masukan / sudah baik",IF(OR(ISNUMBER(SEARCH("urgent",X6&" "))),"Lainnya (perlu dibaca manual)",IF(OR(ISNUMBER(SEARCH("struktur organisasi",X6&" ")),ISNUMBER(SEARCH("pic",X6&" ")),ISNUMBER(SEARCH("cp",X6&" ")),ISNUMBER(SEARCH("personil",X6&" ")),ISNUMBER(SEARCH("sales",X6&" ")),ISNUMBER(SEARCH("muka",X6&" ")),ISNUMBER(SEARCH("eskalasi",X6&" "))),"Struktur Organisasi, PIC & Tim",IF(OR(ISNUMBER(SEARCH("lemot",X6&" ")),ISNUMBER(SEARCH("lambat",X6&" ")),ISNUMBER(SEARCH("memuat",X6&" ")),ISNUMBER(SEARCH("koneksi",X6&" "))),"Kecepatan Akses Website",IF(OR(ISNUMBER(SEARCH("sacs",X6&" ")),ISNUMBER(SEARCH("aplikasi",X6&" "))),"Integrasi ke SACS / Aplikasi Kerja",IF(OR(ISNUMBER(SEARCH("dashboard",X6&" ")),ISNUMBER(SEARCH("kpi",X6&" ")),ISNUMBER(SEARCH("database",X6&" ")),ISNUMBER(SEARCH("kinerja",X6&" ")),ISNUMBER(SEARCH("seluruh cabang",X6&" "))),"Fitur Baru (Dashboard / KPI / Database)",IF(OR(ISNUMBER(SEARCH("video",X6&" ")),ISNUMBER(SEARCH("gambar",X6&" ")),ISNUMBER(SEARCH("jpg",X6&" ")),ISNUMBER(SEARCH("flowchart",X6&" ")),ISNUMBER(SEARCH("tutorial",X6&" "))),"Tambah Video / Gambar / Flowchart",IF(OR(ISNUMBER(SEARCH("template",X6&" ")),ISNUMBER(SEARCH("surat",X6&" ")),ISNUMBER(SEARCH("korin",X6&" ")),ISNUMBER(SEARCH("overdue",X6&" ")),ISNUMBER(SEARCH("restruk",X6&" ")),ISNUMBER(SEARCH("tempo",X6&" ")),ISNUMBER(SEARCH("larangan",X6&" ")),ISNUMBER(SEARCH("posisi lain",X6&" ")),ISNUMBER(SEARCH("jobdesk",X6&" ")),ISNUMBER(SEARCH("jobdisk",X6&" ")),ISNUMBER(SEARCH("langkah",X6&" ")),ISNUMBER(SEARCH("detail",X6&" ")),ISNUMBER(SEARCH("panduan",X6&" ")),ISNUMBER(SEARCH("lengkap lagi",X6&" ")),ISNUMBER(SEARCH("tips",X6&" "))),"Penambahan Materi & Template",IF(OR(ISNUMBER(SEARCH("simpel",X6&" ")),ISNUMBER(SEARCH("simple",X6&" ")),ISNUMBER(SEARCH("ringkas",X6&" ")),ISNUMBER(SEARCH("monoton",X6&" ")),ISNUMBER(SEARCH("penataan",X6&" "))),"Penyederhanaan Isi",IF(OR(ISNUMBER(SEARCH("menarik",X6&" ")),ISNUMBER(SEARCH("design",X6&" ")),ISNUMBER(SEARCH("desain",X6&" ")),ISNUMBER(SEARCH("tampilan",X6&" ")),ISNUMBER(SEARCH("kaku",X6&" ")),ISNUMBER(SEARCH("user friendly",X6&" "))),"Desain Tampilan",IF(OR(ISNUMBER(SEARCH("update",X6&" ")),ISNUMBER(SEARCH("terbaru",X6&" ")),ISNUMBER(SEARCH("terkini",X6&" ")),ISNUMBER(SEARCH("uptodate",X6&" "))),"Update Informasi Berkala",IF(OR(ISNUMBER(SEARCH("tingkat",X6&" ")),ISNUMBER(SEARCH("kembang",X6&" ")),ISNUMBER(SEARCH("inovasi",X6&" ")),ISNUMBER(SEARCH("maintenance",X6&" "))),"Saran Umum Peningkatan",IF(OR(ISNUMBER(SEARCH("tidak",X6&" ")),ISNUMBER(SEARCH("tdk",X6&" ")),ISNUMBER(SEARCH("sudah",X6&" ")),ISNUMBER(SEARCH("sdh",X6&" ")),ISNUMBER(SEARCH("cukup",X6&" ")),ISNUMBER(SEARCH("baik",X6&" ")),ISNUMBER(SEARCH("bagus",X6&" ")),ISNUMBER(SEARCH("ok",X6&" ")),ISNUMBER(SEARCH("good",X6&" ")),ISNUMBER(SEARCH("aman",X6&" ")),ISNUMBER(SEARCH("lanjut",X6&" ")),ISNUMBER(SEARCH("mantap",X6&" ")),ISNUMBER(SEARCH("josjis",X6&" ")),ISNUMBER(SEARCH("lumayan",X6&" ")),ISNUMBER(SEARCH("mudah",X6&" ")),ISNUMBER(SEARCH("belum",X6&" ")),ISNUMBER(SEARCH("membantu",X6&" ")),ISNUMBER(SEARCH("comment",X6&" ")),ISNUMBER(SEARCH("lengkap",X6&" ")),ISNUMBER(SEARCH("tercakup",X6&" ")),ISNUMBER(SEARCH("mencakup",X6&" ")),ISNUMBER(SEARCH("semua",X6&" ")),ISNUMBER(SEARCH("penting",X6&" ")),ISNUMBER(SEARCH("terangkum",X6&" ")),ISNUMBER(SEARCH("pas",X6&" ")),ISNUMBER(SEARCH("berjalan",X6&" ")),ISNUMBER(SEARCH("sesuai",X6&" "))),"Tidak ada masukan / sudah baik","Lainnya (perlu dibaca manual)")))))))))))))) -> Tidak ada masukan / sudah baik | AK6: =IF($A6="","",IF(OR($Z6="Kecepatan & Loading Website",$AB6="Kecepatan Akses Website",AND($AA6="Bukan Terkait SOP (Tampilan / Akses)",OR(ISNUMBER(SEARCH("lemot",$W6)),ISNUMBER(SEARCH("loading",$W6)),ISNUMBER(SEARCH("lambat",$W6))))),1,0)) -> 0 | AL6: =IF($A6="","",IF(OR($Z6="Tampilan di HP (Responsif)"),1,0)) -> 0 | AM6: =IF($A6="","",IF(OR($Z6="Desain, Warna & Font",$AB6="Desain Tampilan",AND($AA6="Bukan Terkait SOP (Tampilan / Akses)",NOT(OR(ISNUMBER(SEARCH("lemot",$W6)),ISNUMBER(SEARCH("loading",$W6)),ISNUMBER(SEARCH("lambat",$W6)))))),1,0)) -> 0 | AN6: =IF($A6="","",IF(OR($Z6="Menu per Jabatan / Navigasi"),1,0)) -> 0 | AO6: =IF($A6="","",IF(OR($Z6="Integrasi dengan SACS / Aplikasi",$AB6="Integrasi ke SACS / Aplikasi Kerja"),1,0)) -> 0 | AP6: =IF($A6="","",IF(OR($AB6="Fitur Baru (Dashboard / KPI / Database)"),1,0)) -> 0 | AQ6: =IF($A6="","",IF(OR($Z6="Penyederhanaan & Ringkas Isi",$AB6="Penyederhanaan Isi"),1,0)) -> 0 | AR6: =IF($A6="","",IF(OR($Z6="Penambahan Isi / Penjelasan",$AB6="Penambahan Materi & Template"),1,0)) -> 0 | AS6: =IF($A6="","",IF(OR($Z6="Tambah Video / Bagan",$AB6="Tambah Video / Gambar / Flowchart"),1,0)) -> 0 | AT6: =IF($A6="","",IF(OR($Z6="Kontak & Informasi PIC",$AA6="Kontak PIC & Eskalasi",$AB6="Struktur Organisasi, PIC & Tim"),1,0)) -> 1 | AU6: =IF($A6="","",IF(OR($AA6="Pembaruan & Notifikasi SOP",$AB6="Update Informasi Berkala"),1,0)) -> 0 | AV6: =IF($A6="","",IF(OR($AA6="Sanksi & Pelanggaran SOP"),1,0)) -> 0 | AW6: =IF($A6="","",IF(OR($AA6="Piutang & Pelanggan Bermasalah"),1,0)) -> 0 | AX6: =IF($A6="","",IF(OR($AA6="Pengiriman, Retur & Logistik"),1,0)) -> 0 | AY6: =IF($A6="","",IF(OR($AA6="Panduan Laporan & Alur Kerja"),1,0)) -> 0 | AZ6: =IF($A6="","",IF(OR($Z6="Saran Umum Peningkatan",$AB6="Saran Umum Peningkatan"),1,0)) -> 0 | BA6: =IF($A6="","",IF(OR($Z6="Lainnya (perlu dibaca manual)",$AA6="Lainnya (perlu dibaca manual)",$AB6="Lainnya (perlu dibaca manual)"),1,0)) -> 0 | BB6: =IF($A6="","",IF(AND($Z6="Tidak ada masukan / sudah baik",$AA6="Tidak ada masukan / sudah baik",$AB6="Tidak ada masukan / sudah baik"),0,1)) -> 1
A7: =IF(INDEX(FORM!$A:$A,ROW())="","",ROW()-1) -> 6 | B7: =IF($A7="","",INDEX(FORM!$A:$A,ROW())) -> 46308.377 | C7: =IF($A7="","",TRIM(INDEX(FORM!$B:$B,ROW()))) -> Maulana Saputra | D7: =IF($A7="","",TRIM(INDEX(FORM!$C:$C,ROW())&"")) -> 1511365 | E7: =IF($A7="","",UPPER(TRIM(INDEX(FORM!$D:$D,ROW())))) -> CIREBON | F7: =IF($A7="","",IFERROR(INDEX(PROGRES!$A$2:$A$92,MATCH(E7,PROGRES!$B$2:$B$92,0)),"-")) -> Jawa Barat | G7: =IF($A7="","",UPPER(TRIM(INDEX(FORM!$F:$F,ROW())))) -> JABAR DKI BANTEN | H7: =IF($A7="","",UPPER(TRIM(INDEX(FORM!$E:$E,ROW())))) -> CRO | I7: =IF($A7="","",UPPER(TRIM(INDEX(FORM!$G:$G,ROW())))) -> CUKUP | J7: =IF($A7="","",IF(ISNUMBER(SEARCH("Ya,",INDEX(FORM!$H:$H,ROW()))),"YA",IF(ISNUMBER(SEARCH("Cukup,",INDEX(FORM!$H:$H,ROW()))),"CUKUP",IF(ISNUMBER(SEARCH("Kurang,",INDEX(FORM!$H:$H,ROW()))),"KURANG","")))) -> CUKUP | K7: =IF($A7="","",UPPER(TRIM(INDEX(FORM!$J:$J,ROW())))) -> CUKUP | L7: =IF($A7="","",IF(ISNUMBER(SEARCH("Aktivitas Harian",INDEX(FORM!$K:$K,ROW()))),1,0)) -> 1 | M7: =IF($A7="","",IF(ISNUMBER(SEARCH("Aktivitas Mingguan",INDEX(FORM!$K:$K,ROW()))),1,0)) -> 0 | N7: =IF($A7="","",IF(ISNUMBER(SEARCH("Aktivitas Bulanan",INDEX(FORM!$K:$K,ROW()))),1,0)) -> 0 | O7: =IF($A7="","",IF(ISNUMBER(SEARCH("Overview Cabang",INDEX(FORM!$K:$K,ROW()))),1,0)) -> 0 | P7: =IF($A7="","",IFERROR(VLOOKUP(I7,DATA!$AH$9:$AI$13,2,0),"")) -> 2 | Q7: =IF($A7="","",IFERROR(VLOOKUP(J7,DATA!$AH$9:$AI$13,2,0),"")) -> 2 | R7: =IF($A7="","",IFERROR(VLOOKUP(K7,DATA!$AH$9:$AI$13,2,0),"")) -> 2 | S7: =IF($A7="","",IFERROR(AVERAGE(P7:R7),"")) -> 2 | T7: =IF($A7="","",IF(COUNTIF($D$2:D7,D7)=1,1,0)) -> 1 | U7: =IF($A7="","",IF(F7="-","Cabang tdk ada",IF(IFERROR(VLOOKUP(G7,#REF!,1,0),"")="","",IF(INDEX(DATA!$AH$2:$AH$5,MATCH(G7,DATA!$AI$2:$AI$5,0))<>F7,"Wilayah beda","OK")))) | V7: =IF($A7="","",TRIM(INDEX(FORM!$I:$I,ROW())&"")) -> Mohon dibuat agar lebih mudah dipahami lagi | W7: =IF($A7="","",TRIM(INDEX(FORM!$L:$L,ROW())&"")) -> Tidak ada | X7: =IF($A7="","",TRIM(INDEX(FORM!$M:$M,ROW())&"")) -> ???? | Y7: =IF($A7="","",IFERROR(MATCH(F7,DATA!$AH$2:$AH$5,0),9)*10000+A7) -> 10006 | Z7: =IF($A7="","",IF(LEN(SUBSTITUTE(SUBSTITUTE(SUBSTITUTE(V7,"-",""),".",""),"?",""))<2,"Tidak ada masukan / sudah baik",IF(OR(ISNUMBER(SEARCH("memang harus",V7&" "))),"Tidak ada masukan / sudah baik",IF(OR(ISNUMBER(SEARCH("lemot",V7&" ")),ISNUMBER(SEARCH("loading",V7&" ")),ISNUMBER(SEARCH("lambat",V7&" ")),ISNUMBER(SEARCH("kecepatan",V7&" ")),ISNUMBER(SEARCH("koneksi",V7&" ")),ISNUMBER(SEARCH("eroro",V7&" ")),ISNUMBER(SEARCH("error",V7&" ")),ISNUMBER(SEARCH("ketutup",V7&" "))),"Kecepatan & Loading Website",IF(OR(ISNUMBER(SEARCH("kontak",V7&" ")),ISNUMBER(SEARCH("pic",V7&" ")),ISNUMBER(SEARCH("darurat",V7&" "))),"Kontak & Informasi PIC",IF(OR(ISNUMBER(SEARCH("sacs",V7&" ")),ISNUMBER(SEARCH("aplikasi",V7&" ")),ISNUMBER(SEARCH("kinerja",V7&" ")),ISNUMBER(SEARCH("seluruh cabang",V7&" "))),"Integrasi dengan SACS / Aplikasi",IF(OR(ISNUMBER(SEARCH("mobile",V7&" ")),ISNUMBER(SEARCH("lebih responsif",V7&" ")),ISNUMBER(SEARCH("scroll",V7&" ")),ISNUMBER(SEARCH("melebar",V7&" "))),"Tampilan di HP (Responsif)",IF(OR(ISNUMBER(SEARCH("simpel",V7&" ")),ISNUMBER(SEARCH("simple",V7&" ")),ISNUMBER(SEARCH("sederhana",V7&" ")),ISNUMBER(SEARCH("ringkas",V7&" ")),ISNUMBER(SEARCH("intinya",V7&" ")),ISNUMBER(SEARCH("panjang lebar",V7&" ")),ISNUMBER(SEARCH("mudah dipahami lagi",V7&" ")),ISNUMBER(SEARCH("tata letak",V7&" ")),ISNUMBER(SEARCH("harus mencari",V7&" "))),"Penyederhanaan & Ringkas Isi",IF(OR(ISNUMBER(SEARCH("menu ",V7&" ")),ISNUMBER(SEARCH("tiap posisi",V7&" ")),ISNUMBER(SEARCH("pilihan antara",V7&" "))),"Menu per Jabatan / Navigasi",IF(OR(ISNUMBER(SEARCH("video",V7&" ")),ISNUMBER(SEARCH("vidio",V7&" ")),ISNUMBER(SEARCH("bagan",V7&" ")),ISNUMBER(SEARCH("gambar",V7&" ")),ISNUMBER(SEARCH("qna",V7&" "))),"Tambah Video / Bagan",IF(OR(ISNUMBER(SEARCH("menarik",V7&" ")),ISNUMBER(SEARCH("design",V7&" ")),ISNUMBER(SEARCH("desain",V7&" ")),ISNUMBER(SEARCH("font",V7&" ")),ISNUMBER(SEARCH("warna",V7&" ")),ISNUMBER(SEARCH("soft",V7&" ")),ISNUMBER(SEARCH("kaku",V7&" ")),ISNUMBER(SEARCH("elegan",V7&" ")),ISNUMBER(SEARCH("grafis",V7&" ")),ISNUMBER(SEARCH("visual",V7&" ")),ISNUMBER(SEARCH("logo",V7&" ")),ISNUMBER(SEARCH("jenuh",V7&" ")),ISNUMBER(SEARCH("abu",V7&" ")),ISNUMBER(SEARCH("tampilannya",V7&" ")),ISNUMBER(SEARCH("tampilan dibuat",V7&" ")),ISNUMBER(SEARCH("tamoilan",V7&" ")),ISNUMBER(SEARCH("lebih user friendly",V7&" "))),"Desain, Warna & Font",IF(OR(ISNUMBER(SEARCH("perbanyak",V7&" ")),ISNUMBER(SEARCH("jabarkan",V7&" ")),ISNUMBER(SEARCH("jobdesk",V7&" ")),ISNUMBER(SEARCH("pengajuan",V7&" ")),ISNUMBER(SEARCH("informasi",V7&" "))),"Penambahan Isi / Penjelasan",IF(OR(ISNUMBER(SEARCH("tingkat",V7&" ")),ISNUMBER(SEARCH("kembang",V7&" ")),ISNUMBER(SEARCH("lebih baik lagi",V7&" ")),ISNUMBER(SEARCH("maksimal",V7&" ")),ISNUMBER(SEARCH("penikatan",V7&" "))),"Saran Umum Peningkatan",IF(OR(ISNUMBER(SEARCH("tidak",V7&" ")),ISNUMBER(SEARCH("tdk",V7&" ")),ISNUMBER(SEARCH("sudah",V7&" ")),ISNUMBER(SEARCH("sdh",V7&" ")),ISNUMBER(SEARCH("cukup",V7&" ")),ISNUMBER(SEARCH("baik",V7&" ")),ISNUMBER(SEARCH("bagus",V7&" ")),ISNUMBER(SEARCH("ok",V7&" ")),ISNUMBER(SEARCH("good",V7&" ")),ISNUMBER(SEARCH("aman",V7&" ")),ISNUMBER(SEARCH("lanjut",V7&" ")),ISNUMBER(SEARCH("mantap",V7&" ")),ISNUMBER(SEARCH("josjis",V7&" ")),ISNUMBER(SEARCH("lumayan",V7&" ")),ISNUMBER(SEARCH("mudah",V7&" ")),ISNUMBER(SEARCH("belum",V7&" ")),ISNUMBER(SEARCH("membantu",V7&" ")),ISNUMBER(SEARCH("comment",V7&" ")),ISNUMBER(SEARCH("lengkap",V7&" ")),ISNUMBER(SEARCH("tercakup",V7&" ")),ISNUMBER(SEARCH("mencakup",V7&" ")),ISNUMBER(SEARCH("semua",V7&" ")),ISNUMBER(SEARCH("penting",V7&" ")),ISNUMBER(SEARCH("terangkum",V7&" ")),ISNUMBER(SEARCH("pas",V7&" ")),ISNUMBER(SEARCH("berjalan",V7&" ")),ISNUMBER(SEARCH("sesuai",V7&" "))),"Tidak ada masukan / sudah baik","Lainnya (perlu dibaca manual)")))))))))))))) -> Penyederhanaan & Ringkas Isi | AA7: =IF($A7="","",IF(LEN(SUBSTITUTE(SUBSTITUTE(SUBSTITUTE(W7,"-",""),".",""),"?",""))<2,"Tidak ada masukan / sudah baik",IF(OR(ISNUMBER(SEARCH("tampilan",W7&" ")),ISNUMBER(SEARCH("lemot",W7&" "))),"Bukan Terkait SOP (Tampilan / Akses)",IF(OR(ISNUMBER(SEARCH("sanksi",W7&" ")),ISNUMBER(SEARCH("pelanggaran",W7&" ")),ISNUMBER(SEARCH("larangan",W7&" ")),ISNUMBER(SEARCH("rekening pribadi",W7&" "))),"Sanksi & Pelanggaran SOP",IF(OR(ISNUMBER(SEARCH("npl",W7&" ")),ISNUMBER(SEARCH("piutang",W7&" ")),ISNUMBER(SEARCH("rekon",W7&" ")),ISNUMBER(SEARCH("overdue",W7&" ")),ISNUMBER(SEARCH("restruk",W7&" ")),ISNUMBER(SEARCH("tempo",W7&" "))),"Piutang & Pelanggan Bermasalah",IF(OR(ISNUMBER(SEARCH("kiriman",W7&" ")),ISNUMBER(SEARCH("pengiriman",W7&" ")),ISNUMBER(SEARCH("retur",W7&" ")),ISNUMBER(SEARCH("barang",W7&" "))),"Pengiriman, Retur & Logistik",IF(OR(ISNUMBER(SEARCH("contact",W7&" ")),ISNUMBER(SEARCH("kontak",W7&" ")),ISNUMBER(SEARCH("pic",W7&" ")),ISNUMBER(SEARCH("berwenang",W7&" ")),ISNUMBER(SEARCH("follow up",W7&" ")),ISNUMBER(SEARCH("eskalasi",W7&" "))),"Kontak PIC & Eskalasi",IF(OR(ISNUMBER(SEARCH("laporan evaluasi",W7&" ")),ISNUMBER(SEARCH("aplikasi cp",W7&" ")),ISNUMBER(SEARCH("flowchart",W7&" ")),ISNUMBER(SEARCH("acuan",W7&" ")),ISNUMBER(SEARCH("poa",W7&" ")),ISNUMBER(SEARCH("aktifitas",W7&" ")),ISNUMBER(SEARCH("aktivitas",W7&" "))),"Panduan Laporan & Alur Kerja",IF(OR(ISNUMBER(SEARCH("notifikasi",W7&" ")),ISNUMBER(SEARCH("pembaruan",W7&" ")),ISNUMBER(SEARCH("perubahan",W7&" ")),ISNUMBER(SEARCH("update",W7&" "))),"Pembaruan & Notifikasi SOP",IF(OR(ISNUMBER(SEARCH("tidak",W7&" ")),ISNUMBER(SEARCH("tdk",W7&" ")),ISNUMBER(SEARCH("sudah",W7&" ")),ISNUMBER(SEARCH("sdh",W7&" ")),ISNUMBER(SEARCH("cukup",W7&" ")),ISNUMBER(SEARCH("baik",W7&" ")),ISNUMBER(SEARCH("bagus",W7&" ")),ISNUMBER(SEARCH("ok",W7&" ")),ISNUMBER(SEARCH("good",W7&" ")),ISNUMBER(SEARCH("aman",W7&" ")),ISNUMBER(SEARCH("lanjut",W7&" ")),ISNUMBER(SEARCH("mantap",W7&" ")),ISNUMBER(SEARCH("josjis",W7&" ")),ISNUMBER(SEARCH("lumayan",W7&" ")),ISNUMBER(SEARCH("mudah",W7&" ")),ISNUMBER(SEARCH("belum",W7&" ")),ISNUMBER(SEARCH("membantu",W7&" ")),ISNUMBER(SEARCH("comment",W7&" ")),ISNUMBER(SEARCH("lengkap",W7&" ")),ISNUMBER(SEARCH("tercakup",W7&" ")),ISNUMBER(SEARCH("mencakup",W7&" ")),ISNUMBER(SEARCH("semua",W7&" ")),ISNUMBER(SEARCH("penting",W7&" ")),ISNUMBER(SEARCH("terangkum",W7&" ")),ISNUMBER(SEARCH("pas",W7&" ")),ISNUMBER(SEARCH("berjalan",W7&" ")),ISNUMBER(SEARCH("sesuai",W7&" "))),"Tidak ada masukan / sudah baik","Lainnya (perlu dibaca manual)")))))))))) -> Tidak ada masukan / sudah baik | AB7: =IF($A7="","",IF(LEN(SUBSTITUTE(SUBSTITUTE(SUBSTITUTE(X7,"-",""),".",""),"?",""))<2,"Tidak ada masukan / sudah baik",IF(OR(ISNUMBER(SEARCH("urgent",X7&" "))),"Lainnya (perlu dibaca manual)",IF(OR(ISNUMBER(SEARCH("struktur organisasi",X7&" ")),ISNUMBER(SEARCH("pic",X7&" ")),ISNUMBER(SEARCH("cp",X7&" ")),ISNUMBER(SEARCH("personil",X7&" ")),ISNUMBER(SEARCH("sales",X7&" ")),ISNUMBER(SEARCH("muka",X7&" ")),ISNUMBER(SEARCH("eskalasi",X7&" "))),"Struktur Organisasi, PIC & Tim",IF(OR(ISNUMBER(SEARCH("lemot",X7&" ")),ISNUMBER(SEARCH("lambat",X7&" ")),ISNUMBER(SEARCH("memuat",X7&" ")),ISNUMBER(SEARCH("koneksi",X7&" "))),"Kecepatan Akses Website",IF(OR(ISNUMBER(SEARCH("sacs",X7&" ")),ISNUMBER(SEARCH("aplikasi",X7&" "))),"Integrasi ke SACS / Aplikasi Kerja",IF(OR(ISNUMBER(SEARCH("dashboard",X7&" ")),ISNUMBER(SEARCH("kpi",X7&" ")),ISNUMBER(SEARCH("database",X7&" ")),ISNUMBER(SEARCH("kinerja",X7&" ")),ISNUMBER(SEARCH("seluruh cabang",X7&" "))),"Fitur Baru (Dashboard / KPI / Database)",IF(OR(ISNUMBER(SEARCH("video",X7&" ")),ISNUMBER(SEARCH("gambar",X7&" ")),ISNUMBER(SEARCH("jpg",X7&" ")),ISNUMBER(SEARCH("flowchart",X7&" ")),ISNUMBER(SEARCH("tutorial",X7&" "))),"Tambah Video / Gambar / Flowchart",IF(OR(ISNUMBER(SEARCH("template",X7&" ")),ISNUMBER(SEARCH("surat",X7&" ")),ISNUMBER(SEARCH("korin",X7&" ")),ISNUMBER(SEARCH("overdue",X7&" ")),ISNUMBER(SEARCH("restruk",X7&" ")),ISNUMBER(SEARCH("tempo",X7&" ")),ISNUMBER(SEARCH("larangan",X7&" ")),ISNUMBER(SEARCH("posisi lain",X7&" ")),ISNUMBER(SEARCH("jobdesk",X7&" ")),ISNUMBER(SEARCH("jobdisk",X7&" ")),ISNUMBER(SEARCH("langkah",X7&" ")),ISNUMBER(SEARCH("detail",X7&" ")),ISNUMBER(SEARCH("panduan",X7&" ")),ISNUMBER(SEARCH("lengkap lagi",X7&" ")),ISNUMBER(SEARCH("tips",X7&" "))),"Penambahan Materi & Template",IF(OR(ISNUMBER(SEARCH("simpel",X7&" ")),ISNUMBER(SEARCH("simple",X7&" ")),ISNUMBER(SEARCH("ringkas",X7&" ")),ISNUMBER(SEARCH("monoton",X7&" ")),ISNUMBER(SEARCH("penataan",X7&" "))),"Penyederhanaan Isi",IF(OR(ISNUMBER(SEARCH("menarik",X7&" ")),ISNUMBER(SEARCH("design",X7&" ")),ISNUMBER(SEARCH("desain",X7&" ")),ISNUMBER(SEARCH("tampilan",X7&" ")),ISNUMBER(SEARCH("kaku",X7&" ")),ISNUMBER(SEARCH("user friendly",X7&" "))),"Desain Tampilan",IF(OR(ISNUMBER(SEARCH("update",X7&" ")),ISNUMBER(SEARCH("terbaru",X7&" ")),ISNUMBER(SEARCH("terkini",X7&" ")),ISNUMBER(SEARCH("uptodate",X7&" "))),"Update Informasi Berkala",IF(OR(ISNUMBER(SEARCH("tingkat",X7&" ")),ISNUMBER(SEARCH("kembang",X7&" ")),ISNUMBER(SEARCH("inovasi",X7&" ")),ISNUMBER(SEARCH("maintenance",X7&" "))),"Saran Umum Peningkatan",IF(OR(ISNUMBER(SEARCH("tidak",X7&" ")),ISNUMBER(SEARCH("tdk",X7&" ")),ISNUMBER(SEARCH("sudah",X7&" ")),ISNUMBER(SEARCH("sdh",X7&" ")),ISNUMBER(SEARCH("cukup",X7&" ")),ISNUMBER(SEARCH("baik",X7&" ")),ISNUMBER(SEARCH("bagus",X7&" ")),ISNUMBER(SEARCH("ok",X7&" ")),ISNUMBER(SEARCH("good",X7&" ")),ISNUMBER(SEARCH("aman",X7&" ")),ISNUMBER(SEARCH("lanjut",X7&" ")),ISNUMBER(SEARCH("mantap",X7&" ")),ISNUMBER(SEARCH("josjis",X7&" ")),ISNUMBER(SEARCH("lumayan",X7&" ")),ISNUMBER(SEARCH("mudah",X7&" ")),ISNUMBER(SEARCH("belum",X7&" ")),ISNUMBER(SEARCH("membantu",X7&" ")),ISNUMBER(SEARCH("comment",X7&" ")),ISNUMBER(SEARCH("lengkap",X7&" ")),ISNUMBER(SEARCH("tercakup",X7&" ")),ISNUMBER(SEARCH("mencakup",X7&" ")),ISNUMBER(SEARCH("semua",X7&" ")),ISNUMBER(SEARCH("penting",X7&" ")),ISNUMBER(SEARCH("terangkum",X7&" ")),ISNUMBER(SEARCH("pas",X7&" ")),ISNUMBER(SEARCH("berjalan",X7&" ")),ISNUMBER(SEARCH("sesuai",X7&" "))),"Tidak ada masukan / sudah baik","Lainnya (perlu dibaca manual)")))))))))))))) -> Tidak ada masukan / sudah baik | AK7: =IF($A7="","",IF(OR($Z7="Kecepatan & Loading Website",$AB7="Kecepatan Akses Website",AND($AA7="Bukan Terkait SOP (Tampilan / Akses)",OR(ISNUMBER(SEARCH("lemot",$W7)),ISNUMBER(SEARCH("loading",$W7)),ISNUMBER(SEARCH("lambat",$W7))))),1,0)) -> 0 | AL7: =IF($A7="","",IF(OR($Z7="Tampilan di HP (Responsif)"),1,0)) -> 0 | AM7: =IF($A7="","",IF(OR($Z7="Desain, Warna & Font",$AB7="Desain Tampilan",AND($AA7="Bukan Terkait SOP (Tampilan / Akses)",NOT(OR(ISNUMBER(SEARCH("lemot",$W7)),ISNUMBER(SEARCH("loading",$W7)),ISNUMBER(SEARCH("lambat",$W7)))))),1,0)) -> 0 | AN7: =IF($A7="","",IF(OR($Z7="Menu per Jabatan / Navigasi"),1,0)) -> 0 | AO7: =IF($A7="","",IF(OR($Z7="Integrasi dengan SACS / Aplikasi",$AB7="Integrasi ke SACS / Aplikasi Kerja"),1,0)) -> 0 | AP7: =IF($A7="","",IF(OR($AB7="Fitur Baru (Dashboard / KPI / Database)"),1,0)) -> 0 | AQ7: =IF($A7="","",IF(OR($Z7="Penyederhanaan & Ringkas Isi",$AB7="Penyederhanaan Isi"),1,0)) -> 1 | AR7: =IF($A7="","",IF(OR($Z7="Penambahan Isi / Penjelasan",$AB7="Penambahan Materi & Template"),1,0)) -> 0 | AS7: =IF($A7="","",IF(OR($Z7="Tambah Video / Bagan",$AB7="Tambah Video / Gambar / Flowchart"),1,0)) -> 0 | AT7: =IF($A7="","",IF(OR($Z7="Kontak & Informasi PIC",$AA7="Kontak PIC & Eskalasi",$AB7="Struktur Organisasi, PIC & Tim"),1,0)) -> 0 | AU7: =IF($A7="","",IF(OR($AA7="Pembaruan & Notifikasi SOP",$AB7="Update Informasi Berkala"),1,0)) -> 0 | AV7: =IF($A7="","",IF(OR($AA7="Sanksi & Pelanggaran SOP"),1,0)) -> 0 | AW7: =IF($A7="","",IF(OR($AA7="Piutang & Pelanggan Bermasalah"),1,0)) -> 0 | AX7: =IF($A7="","",IF(OR($AA7="Pengiriman, Retur & Logistik"),1,0)) -> 0 | AY7: =IF($A7="","",IF(OR($AA7="Panduan Laporan & Alur Kerja"),1,0)) -> 0 | AZ7: =IF($A7="","",IF(OR($Z7="Saran Umum Peningkatan",$AB7="Saran Umum Peningkatan"),1,0)) -> 0 | BA7: =IF($A7="","",IF(OR($Z7="Lainnya (perlu dibaca manual)",$AA7="Lainnya (perlu dibaca manual)",$AB7="Lainnya (perlu dibaca manual)"),1,0)) -> 0 | BB7: =IF($A7="","",IF(AND($Z7="Tidak ada masukan / sudah baik",$AA7="Tidak ada masukan / sudah baik",$AB7="Tidak ada masukan / sudah baik"),0,1)) -> 1
A8: =IF(INDEX(FORM!$A:$A,ROW())="","",ROW()-1) -> 7 | B8: =IF($A8="","",INDEX(FORM!$A:$A,ROW())) -> 46308.377 | C8: =IF($A8="","",TRIM(INDEX(FORM!$B:$B,ROW()))) -> Nugroho adi saputro | D8: =IF($A8="","",TRIM(INDEX(FORM!$C:$C,ROW())&"")) -> 1511033 | E8: =IF($A8="","",UPPER(TRIM(INDEX(FORM!$D:$D,ROW())))) -> PURWOREJO | F8: =IF($A8="","",IFERROR(INDEX(PROGRES!$A$2:$A$92,MATCH(E8,PROGRES!$B$2:$B$92,0)),"-")) -> Jawa Tengah | G8: =IF($A8="","",UPPER(TRIM(INDEX(FORM!$F:$F,ROW())))) -> JATENG DIY | H8: =IF($A8="","",UPPER(TRIM(INDEX(FORM!$E:$E,ROW())))) -> CRO | I8: =IF($A8="","",UPPER(TRIM(INDEX(FORM!$G:$G,ROW())))) -> MUDAH | J8: =IF($A8="","",IF(ISNUMBER(SEARCH("Ya,",INDEX(FORM!$H:$H,ROW()))),"YA",IF(ISNUMBER(SEARCH("Cukup,",INDEX(FORM!$H:$H,ROW()))),"CUKUP",IF(ISNUMBER(SEARCH("Kurang,",INDEX(FORM!$H:$H,ROW()))),"KURANG","")))) -> YA | K8: =IF($A8="","",UPPER(TRIM(INDEX(FORM!$J:$J,ROW())))) -> CUKUP | L8: =IF($A8="","",IF(ISNUMBER(SEARCH("Aktivitas Harian",INDEX(FORM!$K:$K,ROW()))),1,0)) -> 1 | M8: =IF($A8="","",IF(ISNUMBER(SEARCH("Aktivitas Mingguan",INDEX(FORM!$K:$K,ROW()))),1,0)) -> 0 | N8: =IF($A8="","",IF(ISNUMBER(SEARCH("Aktivitas Bulanan",INDEX(FORM!$K:$K,ROW()))),1,0)) -> 0 | O8: =IF($A8="","",IF(ISNUMBER(SEARCH("Overview Cabang",INDEX(FORM!$K:$K,ROW()))),1,0)) -> 0 | P8: =IF($A8="","",IFERROR(VLOOKUP(I8,DATA!$AH$9:$AI$13,2,0),"")) -> 3 | Q8: =IF($A8="","",IFERROR(VLOOKUP(J8,DATA!$AH$9:$AI$13,2,0),"")) -> 3 | R8: =IF($A8="","",IFERROR(VLOOKUP(K8,DATA!$AH$9:$AI$13,2,0),"")) -> 2 | S8: =IF($A8="","",IFERROR(AVERAGE(P8:R8),"")) -> 2.6666667 | T8: =IF($A8="","",IF(COUNTIF($D$2:D8,D8)=1,1,0)) -> 1 | U8: =IF($A8="","",IF(F8="-","Cabang tdk ada",IF(IFERROR(VLOOKUP(G8,#REF!,1,0),"")="","",IF(INDEX(DATA!$AH$2:$AH$5,MATCH(G8,DATA!$AI$2:$AI$5,0))<>F8,"Wilayah beda","OK")))) | V8: =IF($A8="","",TRIM(INDEX(FORM!$I:$I,ROW())&"")) -> Cukup baik | W8: =IF($A8="","",TRIM(INDEX(FORM!$L:$L,ROW())&"")) -> Tidak ada | X8: =IF($A8="","",TRIM(INDEX(FORM!$M:$M,ROW())&"")) -> Lebih lengkap lagi | Y8: =IF($A8="","",IFERROR(MATCH(F8,DATA!$AH$2:$AH$5,0),9)*10000+A8) -> 20007 | Z8: =IF($A8="","",IF(LEN(SUBSTITUTE(SUBSTITUTE(SUBSTITUTE(V8,"-",""),".",""),"?",""))<2,"Tidak ada masukan / sudah baik",IF(OR(ISNUMBER(SEARCH("memang harus",V8&" "))),"Tidak ada masukan / sudah baik",IF(OR(ISNUMBER(SEARCH("lemot",V8&" ")),ISNUMBER(SEARCH("loading",V8&" ")),ISNUMBER(SEARCH("lambat",V8&" ")),ISNUMBER(SEARCH("kecepatan",V8&" ")),ISNUMBER(SEARCH("koneksi",V8&" ")),ISNUMBER(SEARCH("eroro",V8&" ")),ISNUMBER(SEARCH("error",V8&" ")),ISNUMBER(SEARCH("ketutup",V8&" "))),"Kecepatan & Loading Website",IF(OR(ISNUMBER(SEARCH("kontak",V8&" ")),ISNUMBER(SEARCH("pic",V8&" ")),ISNUMBER(SEARCH("darurat",V8&" "))),"Kontak & Informasi PIC",IF(OR(ISNUMBER(SEARCH("sacs",V8&" ")),ISNUMBER(SEARCH("aplikasi",V8&" ")),ISNUMBER(SEARCH("kinerja",V8&" ")),ISNUMBER(SEARCH("seluruh cabang",V8&" "))),"Integrasi dengan SACS / Aplikasi",IF(OR(ISNUMBER(SEARCH("mobile",V8&" ")),ISNUMBER(SEARCH("lebih responsif",V8&" ")),ISNUMBER(SEARCH("scroll",V8&" ")),ISNUMBER(SEARCH("melebar",V8&" "))),"Tampilan di HP (Responsif)",IF(OR(ISNUMBER(SEARCH("simpel",V8&" ")),ISNUMBER(SEARCH("simple",V8&" ")),ISNUMBER(SEARCH("sederhana",V8&" ")),ISNUMBER(SEARCH("ringkas",V8&" ")),ISNUMBER(SEARCH("intinya",V8&" ")),ISNUMBER(SEARCH("panjang lebar",V8&" ")),ISNUMBER(SEARCH("mudah dipahami lagi",V8&" ")),ISNUMBER(SEARCH("tata letak",V8&" ")),ISNUMBER(SEARCH("harus mencari",V8&" "))),"Penyederhanaan & Ringkas Isi",IF(OR(ISNUMBER(SEARCH("menu ",V8&" ")),ISNUMBER(SEARCH("tiap posisi",V8&" ")),ISNUMBER(SEARCH("pilihan antara",V8&" "))),"Menu per Jabatan / Navigasi",IF(OR(ISNUMBER(SEARCH("video",V8&" ")),ISNUMBER(SEARCH("vidio",V8&" ")),ISNUMBER(SEARCH("bagan",V8&" ")),ISNUMBER(SEARCH("gambar",V8&" ")),ISNUMBER(SEARCH("qna",V8&" "))),"Tambah Video / Bagan",IF(OR(ISNUMBER(SEARCH("menarik",V8&" ")),ISNUMBER(SEARCH("design",V8&" ")),ISNUMBER(SEARCH("desain",V8&" ")),ISNUMBER(SEARCH("font",V8&" ")),ISNUMBER(SEARCH("warna",V8&" ")),ISNUMBER(SEARCH("soft",V8&" ")),ISNUMBER(SEARCH("kaku",V8&" ")),ISNUMBER(SEARCH("elegan",V8&" ")),ISNUMBER(SEARCH("grafis",V8&" ")),ISNUMBER(SEARCH("visual",V8&" ")),ISNUMBER(SEARCH("logo",V8&" ")),ISNUMBER(SEARCH("jenuh",V8&" ")),ISNUMBER(SEARCH("abu",V8&" ")),ISNUMBER(SEARCH("tampilannya",V8&" ")),ISNUMBER(SEARCH("tampilan dibuat",V8&" ")),ISNUMBER(SEARCH("tamoilan",V8&" ")),ISNUMBER(SEARCH("lebih user friendly",V8&" "))),"Desain, Warna & Font",IF(OR(ISNUMBER(SEARCH("perbanyak",V8&" ")),ISNUMBER(SEARCH("jabarkan",V8&" ")),ISNUMBER(SEARCH("jobdesk",V8&" ")),ISNUMBER(SEARCH("pengajuan",V8&" ")),ISNUMBER(SEARCH("informasi",V8&" "))),"Penambahan Isi / Penjelasan",IF(OR(ISNUMBER(SEARCH("tingkat",V8&" ")),ISNUMBER(SEARCH("kembang",V8&" ")),ISNUMBER(SEARCH("lebih baik lagi",V8&" ")),ISNUMBER(SEARCH("maksimal",V8&" ")),ISNUMBER(SEARCH("penikatan",V8&" "))),"Saran Umum Peningkatan",IF(OR(ISNUMBER(SEARCH("tidak",V8&" ")),ISNUMBER(SEARCH("tdk",V8&" ")),ISNUMBER(SEARCH("sudah",V8&" ")),ISNUMBER(SEARCH("sdh",V8&" ")),ISNUMBER(SEARCH("cukup",V8&" ")),ISNUMBER(SEARCH("baik",V8&" ")),ISNUMBER(SEARCH("bagus",V8&" ")),ISNUMBER(SEARCH("ok",V8&" ")),ISNUMBER(SEARCH("good",V8&" ")),ISNUMBER(SEARCH("aman",V8&" ")),ISNUMBER(SEARCH("lanjut",V8&" ")),ISNUMBER(SEARCH("mantap",V8&" ")),ISNUMBER(SEARCH("josjis",V8&" ")),ISNUMBER(SEARCH("lumayan",V8&" ")),ISNUMBER(SEARCH("mudah",V8&" ")),ISNUMBER(SEARCH("belum",V8&" ")),ISNUMBER(SEARCH("membantu",V8&" ")),ISNUMBER(SEARCH("comment",V8&" ")),ISNUMBER(SEARCH("lengkap",V8&" ")),ISNUMBER(SEARCH("tercakup",V8&" ")),ISNUMBER(SEARCH("mencakup",V8&" ")),ISNUMBER(SEARCH("semua",V8&" ")),ISNUMBER(SEARCH("penting",V8&" ")),ISNUMBER(SEARCH("terangkum",V8&" ")),ISNUMBER(SEARCH("pas",V8&" ")),ISNUMBER(SEARCH("berjalan",V8&" ")),ISNUMBER(SEARCH("sesuai",V8&" "))),"Tidak ada masukan / sudah baik","Lainnya (perlu dibaca manual)")))))))))))))) -> Tidak ada masukan / sudah baik | AA8: =IF($A8="","",IF(LEN(SUBSTITUTE(SUBSTITUTE(SUBSTITUTE(W8,"-",""),".",""),"?",""))<2,"Tidak ada masukan / sudah baik",IF(OR(ISNUMBER(SEARCH("tampilan",W8&" ")),ISNUMBER(SEARCH("lemot",W8&" "))),"Bukan Terkait SOP (Tampilan / Akses)",IF(OR(ISNUMBER(SEARCH("sanksi",W8&" ")),ISNUMBER(SEARCH("pelanggaran",W8&" ")),ISNUMBER(SEARCH("larangan",W8&" ")),ISNUMBER(SEARCH("rekening pribadi",W8&" "))),"Sanksi & Pelanggaran SOP",IF(OR(ISNUMBER(SEARCH("npl",W8&" ")),ISNUMBER(SEARCH("piutang",W8&" ")),ISNUMBER(SEARCH("rekon",W8&" ")),ISNUMBER(SEARCH("overdue",W8&" ")),ISNUMBER(SEARCH("restruk",W8&" ")),ISNUMBER(SEARCH("tempo",W8&" "))),"Piutang & Pelanggan Bermasalah",IF(OR(ISNUMBER(SEARCH("kiriman",W8&" ")),ISNUMBER(SEARCH("pengiriman",W8&" ")),ISNUMBER(SEARCH("retur",W8&" ")),ISNUMBER(SEARCH("barang",W8&" "))),"Pengiriman, Retur & Logistik",IF(OR(ISNUMBER(SEARCH("contact",W8&" ")),ISNUMBER(SEARCH("kontak",W8&" ")),ISNUMBER(SEARCH("pic",W8&" ")),ISNUMBER(SEARCH("berwenang",W8&" ")),ISNUMBER(SEARCH("follow up",W8&" ")),ISNUMBER(SEARCH("eskalasi",W8&" "))),"Kontak PIC & Eskalasi",IF(OR(ISNUMBER(SEARCH("laporan evaluasi",W8&" ")),ISNUMBER(SEARCH("aplikasi cp",W8&" ")),ISNUMBER(SEARCH("flowchart",W8&" ")),ISNUMBER(SEARCH("acuan",W8&" ")),ISNUMBER(SEARCH("poa",W8&" ")),ISNUMBER(SEARCH("aktifitas",W8&" ")),ISNUMBER(SEARCH("aktivitas",W8&" "))),"Panduan Laporan & Alur Kerja",IF(OR(ISNUMBER(SEARCH("notifikasi",W8&" ")),ISNUMBER(SEARCH("pembaruan",W8&" ")),ISNUMBER(SEARCH("perubahan",W8&" ")),ISNUMBER(SEARCH("update",W8&" "))),"Pembaruan & Notifikasi SOP",IF(OR(ISNUMBER(SEARCH("tidak",W8&" ")),ISNUMBER(SEARCH("tdk",W8&" ")),ISNUMBER(SEARCH("sudah",W8&" ")),ISNUMBER(SEARCH("sdh",W8&" ")),ISNUMBER(SEARCH("cukup",W8&" ")),ISNUMBER(SEARCH("baik",W8&" ")),ISNUMBER(SEARCH("bagus",W8&" ")),ISNUMBER(SEARCH("ok",W8&" ")),ISNUMBER(SEARCH("good",W8&" ")),ISNUMBER(SEARCH("aman",W8&" ")),ISNUMBER(SEARCH("lanjut",W8&" ")),ISNUMBER(SEARCH("mantap",W8&" ")),ISNUMBER(SEARCH("josjis",W8&" ")),ISNUMBER(SEARCH("lumayan",W8&" ")),ISNUMBER(SEARCH("mudah",W8&" ")),ISNUMBER(SEARCH("belum",W8&" ")),ISNUMBER(SEARCH("membantu",W8&" ")),ISNUMBER(SEARCH("comment",W8&" ")),ISNUMBER(SEARCH("lengkap",W8&" ")),ISNUMBER(SEARCH("tercakup",W8&" ")),ISNUMBER(SEARCH("mencakup",W8&" ")),ISNUMBER(SEARCH("semua",W8&" ")),ISNUMBER(SEARCH("penting",W8&" ")),ISNUMBER(SEARCH("terangkum",W8&" ")),ISNUMBER(SEARCH("pas",W8&" ")),ISNUMBER(SEARCH("berjalan",W8&" ")),ISNUMBER(SEARCH("sesuai",W8&" "))),"Tidak ada masukan / sudah baik","Lainnya (perlu dibaca manual)")))))))))) -> Tidak ada masukan / sudah baik | AB8: =IF($A8="","",IF(LEN(SUBSTITUTE(SUBSTITUTE(SUBSTITUTE(X8,"-",""),".",""),"?",""))<2,"Tidak ada masukan / sudah baik",IF(OR(ISNUMBER(SEARCH("urgent",X8&" "))),"Lainnya (perlu dibaca manual)",IF(OR(ISNUMBER(SEARCH("struktur organisasi",X8&" ")),ISNUMBER(SEARCH("pic",X8&" ")),ISNUMBER(SEARCH("cp",X8&" ")),ISNUMBER(SEARCH("personil",X8&" ")),ISNUMBER(SEARCH("sales",X8&" ")),ISNUMBER(SEARCH("muka",X8&" ")),ISNUMBER(SEARCH("eskalasi",X8&" "))),"Struktur Organisasi, PIC & Tim",IF(OR(ISNUMBER(SEARCH("lemot",X8&" ")),ISNUMBER(SEARCH("lambat",X8&" ")),ISNUMBER(SEARCH("memuat",X8&" ")),ISNUMBER(SEARCH("koneksi",X8&" "))),"Kecepatan Akses Website",IF(OR(ISNUMBER(SEARCH("sacs",X8&" ")),ISNUMBER(SEARCH("aplikasi",X8&" "))),"Integrasi ke SACS / Aplikasi Kerja",IF(OR(ISNUMBER(SEARCH("dashboard",X8&" ")),ISNUMBER(SEARCH("kpi",X8&" ")),ISNUMBER(SEARCH("database",X8&" ")),ISNUMBER(SEARCH("kinerja",X8&" ")),ISNUMBER(SEARCH("seluruh cabang",X8&" "))),"Fitur Baru (Dashboard / KPI / Database)",IF(OR(ISNUMBER(SEARCH("video",X8&" ")),ISNUMBER(SEARCH("gambar",X8&" ")),ISNUMBER(SEARCH("jpg",X8&" ")),ISNUMBER(SEARCH("flowchart",X8&" ")),ISNUMBER(SEARCH("tutorial",X8&" "))),"Tambah Video / Gambar / Flowchart",IF(OR(ISNUMBER(SEARCH("template",X8&" ")),ISNUMBER(SEARCH("surat",X8&" ")),ISNUMBER(SEARCH("korin",X8&" ")),ISNUMBER(SEARCH("overdue",X8&" ")),ISNUMBER(SEARCH("restruk",X8&" ")),ISNUMBER(SEARCH("tempo",X8&" ")),ISNUMBER(SEARCH("larangan",X8&" ")),ISNUMBER(SEARCH("posisi lain",X8&" ")),ISNUMBER(SEARCH("jobdesk",X8&" ")),ISNUMBER(SEARCH("jobdisk",X8&" ")),ISNUMBER(SEARCH("langkah",X8&" ")),ISNUMBER(SEARCH("detail",X8&" ")),ISNUMBER(SEARCH("panduan",X8&" ")),ISNUMBER(SEARCH("lengkap lagi",X8&" ")),ISNUMBER(SEARCH("tips",X8&" "))),"Penambahan Materi & Template",IF(OR(ISNUMBER(SEARCH("simpel",X8&" ")),ISNUMBER(SEARCH("simple",X8&" ")),ISNUMBER(SEARCH("ringkas",X8&" ")),ISNUMBER(SEARCH("monoton",X8&" ")),ISNUMBER(SEARCH("penataan",X8&" "))),"Penyederhanaan Isi",IF(OR(ISNUMBER(SEARCH("menarik",X8&" ")),ISNUMBER(SEARCH("design",X8&" ")),ISNUMBER(SEARCH("desain",X8&" ")),ISNUMBER(SEARCH("tampilan",X8&" ")),ISNUMBER(SEARCH("kaku",X8&" ")),ISNUMBER(SEARCH("user friendly",X8&" "))),"Desain Tampilan",IF(OR(ISNUMBER(SEARCH("update",X8&" ")),ISNUMBER(SEARCH("terbaru",X8&" ")),ISNUMBER(SEARCH("terkini",X8&" ")),ISNUMBER(SEARCH("uptodate",X8&" "))),"Update Informasi Berkala",IF(OR(ISNUMBER(SEARCH("tingkat",X8&" ")),ISNUMBER(SEARCH("kembang",X8&" ")),ISNUMBER(SEARCH("inovasi",X8&" ")),ISNUMBER(SEARCH("maintenance",X8&" "))),"Saran Umum Peningkatan",IF(OR(ISNUMBER(SEARCH("tidak",X8&" ")),ISNUMBER(SEARCH("tdk",X8&" ")),ISNUMBER(SEARCH("sudah",X8&" ")),ISNUMBER(SEARCH("sdh",X8&" ")),ISNUMBER(SEARCH("cukup",X8&" ")),ISNUMBER(SEARCH("baik",X8&" ")),ISNUMBER(SEARCH("bagus",X8&" ")),ISNUMBER(SEARCH("ok",X8&" ")),ISNUMBER(SEARCH("good",X8&" ")),ISNUMBER(SEARCH("aman",X8&" ")),ISNUMBER(SEARCH("lanjut",X8&" ")),ISNUMBER(SEARCH("mantap",X8&" ")),ISNUMBER(SEARCH("josjis",X8&" ")),ISNUMBER(SEARCH("lumayan",X8&" ")),ISNUMBER(SEARCH("mudah",X8&" ")),ISNUMBER(SEARCH("belum",X8&" ")),ISNUMBER(SEARCH("membantu",X8&" ")),ISNUMBER(SEARCH("comment",X8&" ")),ISNUMBER(SEARCH("lengkap",X8&" ")),ISNUMBER(SEARCH("tercakup",X8&" ")),ISNUMBER(SEARCH("mencakup",X8&" ")),ISNUMBER(SEARCH("semua",X8&" ")),ISNUMBER(SEARCH("penting",X8&" ")),ISNUMBER(SEARCH("terangkum",X8&" ")),ISNUMBER(SEARCH("pas",X8&" ")),ISNUMBER(SEARCH("berjalan",X8&" ")),ISNUMBER(SEARCH("sesuai",X8&" "))),"Tidak ada masukan / sudah baik","Lainnya (perlu dibaca manual)")))))))))))))) -> Penambahan Materi & Template | AH8: Jawaban | AI8: Skor | AK8: =IF($A8="","",IF(OR($Z8="Kecepatan & Loading Website",$AB8="Kecepatan Akses Website",AND($AA8="Bukan Terkait SOP (Tampilan / Akses)",OR(ISNUMBER(SEARCH("lemot",$W8)),ISNUMBER(SEARCH("loading",$W8)),ISNUMBER(SEARCH("lambat",$W8))))),1,0)) -> 0 | AL8: =IF($A8="","",IF(OR($Z8="Tampilan di HP (Responsif)"),1,0)) -> 0 | AM8: =IF($A8="","",IF(OR($Z8="Desain, Warna & Font",$AB8="Desain Tampilan",AND($AA8="Bukan Terkait SOP (Tampilan / Akses)",NOT(OR(ISNUMBER(SEARCH("lemot",$W8)),ISNUMBER(SEARCH("loading",$W8)),ISNUMBER(SEARCH("lambat",$W8)))))),1,0)) -> 0 | AN8: =IF($A8="","",IF(OR($Z8="Menu per Jabatan / Navigasi"),1,0)) -> 0 | AO8: =IF($A8="","",IF(OR($Z8="Integrasi dengan SACS / Aplikasi",$AB8="Integrasi ke SACS / Aplikasi Kerja"),1,0)) -> 0 | AP8: =IF($A8="","",IF(OR($AB8="Fitur Baru (Dashboard / KPI / Database)"),1,0)) -> 0 | AQ8: =IF($A8="","",IF(OR($Z8="Penyederhanaan & Ringkas Isi",$AB8="Penyederhanaan Isi"),1,0)) -> 0 | AR8: =IF($A8="","",IF(OR($Z8="Penambahan Isi / Penjelasan",$AB8="Penambahan Materi & Template"),1,0)) -> 1 | AS8: =IF($A8="","",IF(OR($Z8="Tambah Video / Bagan",$AB8="Tambah Video / Gambar / Flowchart"),1,0)) -> 0 | AT8: =IF($A8="","",IF(OR($Z8="Kontak & Informasi PIC",$AA8="Kontak PIC & Eskalasi",$AB8="Struktur Organisasi, PIC & Tim"),1,0)) -> 0 | AU8: =IF($A8="","",IF(OR($AA8="Pembaruan & Notifikasi SOP",$AB8="Update Informasi Berkala"),1,0)) -> 0 | AV8: =IF($A8="","",IF(OR($AA8="Sanksi & Pelanggaran SOP"),1,0)) -> 0 | AW8: =IF($A8="","",IF(OR($AA8="Piutang & Pelanggan Bermasalah"),1,0)) -> 0 | AX8: =IF($A8="","",IF(OR($AA8="Pengiriman, Retur & Logistik"),1,0)) -> 0 | AY8: =IF($A8="","",IF(OR($AA8="Panduan Laporan & Alur Kerja"),1,0)) -> 0 | AZ8: =IF($A8="","",IF(OR($Z8="Saran Umum Peningkatan",$AB8="Saran Umum Peningkatan"),1,0)) -> 0 | BA8: =IF($A8="","",IF(OR($Z8="Lainnya (perlu dibaca manual)",$AA8="Lainnya (perlu dibaca manual)",$AB8="Lainnya (perlu dibaca manual)"),1,0)) -> 0 | BB8: =IF($A8="","",IF(AND($Z8="Tidak ada masukan / sudah baik",$AA8="Tidak ada masukan / sudah baik",$AB8="Tidak ada masukan / sudah baik"),0,1)) -> 1
A9: =IF(INDEX(FORM!$A:$A,ROW())="","",ROW()-1) -> 8 | B9: =IF($A9="","",INDEX(FORM!$A:$A,ROW())) -> 46308.38 | C9: =IF($A9="","",TRIM(INDEX(FORM!$B:$B,ROW()))) -> MUHAMMAD RIZKI KURNIAWAN | D9: =IF($A9="","",TRIM(INDEX(FORM!$C:$C,ROW())&"")) -> 1510886 | E9: =IF($A9="","",UPPER(TRIM(INDEX(FORM!$D:$D,ROW())))) -> BANJARMASIN | F9: =IF($A9="","",IFERROR(INDEX(PROGRES!$A$2:$A$92,MATCH(E9,PROGRES!$B$2:$B$92,0)),"-")) -> Luar Pulau | G9: =IF($A9="","",UPPER(TRIM(INDEX(FORM!$F:$F,ROW())))) -> LUAR PULAU | H9: =IF($A9="","",UPPER(TRIM(INDEX(FORM!$E:$E,ROW())))) -> BAO | I9: =IF($A9="","",UPPER(TRIM(INDEX(FORM!$G:$G,ROW())))) -> MUDAH | J9: =IF($A9="","",IF(ISNUMBER(SEARCH("Ya,",INDEX(FORM!$H:$H,ROW()))),"YA",IF(ISNUMBER(SEARCH("Cukup,",INDEX(FORM!$H:$H,ROW()))),"CUKUP",IF(ISNUMBER(SEARCH("Kurang,",INDEX(FORM!$H:$H,ROW()))),"KURANG","")))) -> YA | K9: =IF($A9="","",UPPER(TRIM(INDEX(FORM!$J:$J,ROW())))) -> MUDAH | L9: =IF($A9="","",IF(ISNUMBER(SEARCH("Aktivitas Harian",INDEX(FORM!$K:$K,ROW()))),1,0)) -> 1 | M9: =IF($A9="","",IF(ISNUMBER(SEARCH("Aktivitas Mingguan",INDEX(FORM!$K:$K,ROW()))),1,0)) -> 1 | N9: =IF($A9="","",IF(ISNUMBER(SEARCH("Aktivitas Bulanan",INDEX(FORM!$K:$K,ROW()))),1,0)) -> 1 | O9: =IF($A9="","",IF(ISNUMBER(SEARCH("Overview Cabang",INDEX(FORM!$K:$K,ROW()))),1,0)) -> 1 | P9: =IF($A9="","",IFERROR(VLOOKUP(I9,DATA!$AH$9:$AI$13,2,0),"")) -> 3 | Q9: =IF($A9="","",IFERROR(VLOOKUP(J9,DATA!$AH$9:$AI$13,2,0),"")) -> 3 | R9: =IF($A9="","",IFERROR(VLOOKUP(K9,DATA!$AH$9:$AI$13,2,0),"")) -> 3 | S9: =IF($A9="","",IFERROR(AVERAGE(P9:R9),"")) -> 3 | T9: =IF($A9="","",IF(COUNTIF($D$2:D9,D9)=1,1,0)) -> 1 | U9: =IF($A9="","",IF(F9="-","Cabang tdk ada",IF(IFERROR(VLOOKUP(G9,#REF!,1,0),"")="","",IF(INDEX(DATA!$AH$2:$AH$5,MATCH(G9,DATA!$AI$2:$AI$5,0))<>F9,"Wilayah beda","OK")))) | V9: =IF($A9="","",TRIM(INDEX(FORM!$I:$I,ROW())&"")) -> SEMOGA LEBIH BAIK LAGI | W9: =IF($A9="","",TRIM(INDEX(FORM!$L:$L,ROW())&"")) -> TIDAK ADA | X9: =IF($A9="","",TRIM(INDEX(FORM!$M:$M,ROW())&"")) -> UNTUK SAAT INI BELUM ADA, DAN HANDBOOK MUDAH DIPAHAMI OLEH PEMBACA | Y9: =IF($A9="","",IFERROR(MATCH(F9,DATA!$AH$2:$AH$5,0),9)*10000+A9) -> 40008 | Z9: =IF($A9="","",IF(LEN(SUBSTITUTE(SUBSTITUTE(SUBSTITUTE(V9,"-",""),".",""),"?",""))<2,"Tidak ada masukan / sudah baik",IF(OR(ISNUMBER(SEARCH("memang harus",V9&" "))),"Tidak ada masukan / sudah baik",IF(OR(ISNUMBER(SEARCH("lemot",V9&" ")),ISNUMBER(SEARCH("loading",V9&" ")),ISNUMBER(SEARCH("lambat",V9&" ")),ISNUMBER(SEARCH("kecepatan",V9&" ")),ISNUMBER(SEARCH("koneksi",V9&" ")),ISNUMBER(SEARCH("eroro",V9&" ")),ISNUMBER(SEARCH("error",V9&" ")),ISNUMBER(SEARCH("ketutup",V9&" "))),"Kecepatan & Loading Website",IF(OR(ISNUMBER(SEARCH("kontak",V9&" ")),ISNUMBER(SEARCH("pic",V9&" ")),ISNUMBER(SEARCH("darurat",V9&" "))),"Kontak & Informasi PIC",IF(OR(ISNUMBER(SEARCH("sacs",V9&" ")),ISNUMBER(SEARCH("aplikasi",V9&" ")),ISNUMBER(SEARCH("kinerja",V9&" ")),ISNUMBER(SEARCH("seluruh cabang",V9&" "))),"Integrasi dengan SACS / Aplikasi",IF(OR(ISNUMBER(SEARCH("mobile",V9&" ")),ISNUMBER(SEARCH("lebih responsif",V9&" ")),ISNUMBER(SEARCH("scroll",V9&" ")),ISNUMBER(SEARCH("melebar",V9&" "))),"Tampilan di HP (Responsif)",IF(OR(ISNUMBER(SEARCH("simpel",V9&" ")),ISNUMBER(SEARCH("simple",V9&" ")),ISNUMBER(SEARCH("sederhana",V9&" ")),ISNUMBER(SEARCH("ringkas",V9&" ")),ISNUMBER(SEARCH("intinya",V9&" ")),ISNUMBER(SEARCH("panjang lebar",V9&" ")),ISNUMBER(SEARCH("mudah dipahami lagi",V9&" ")),ISNUMBER(SEARCH("tata letak",V9&" ")),ISNUMBER(SEARCH("harus mencari",V9&" "))),"Penyederhanaan & Ringkas Isi",IF(OR(ISNUMBER(SEARCH("menu ",V9&" ")),ISNUMBER(SEARCH("tiap posisi",V9&" ")),ISNUMBER(SEARCH("pilihan antara",V9&" "))),"Menu per Jabatan / Navigasi",IF(OR(ISNUMBER(SEARCH("video",V9&" ")),ISNUMBER(SEARCH("vidio",V9&" ")),ISNUMBER(SEARCH("bagan",V9&" ")),ISNUMBER(SEARCH("gambar",V9&" ")),ISNUMBER(SEARCH("qna",V9&" "))),"Tambah Video / Bagan",IF(OR(ISNUMBER(SEARCH("menarik",V9&" ")),ISNUMBER(SEARCH("design",V9&" ")),ISNUMBER(SEARCH("desain",V9&" ")),ISNUMBER(SEARCH("font",V9&" ")),ISNUMBER(SEARCH("warna",V9&" ")),ISNUMBER(SEARCH("soft",V9&" ")),ISNUMBER(SEARCH("kaku",V9&" ")),ISNUMBER(SEARCH("elegan",V9&" ")),ISNUMBER(SEARCH("grafis",V9&" ")),ISNUMBER(SEARCH("visual",V9&" ")),ISNUMBER(SEARCH("logo",V9&" ")),ISNUMBER(SEARCH("jenuh",V9&" ")),ISNUMBER(SEARCH("abu",V9&" ")),ISNUMBER(SEARCH("tampilannya",V9&" ")),ISNUMBER(SEARCH("tampilan dibuat",V9&" ")),ISNUMBER(SEARCH("tamoilan",V9&" ")),ISNUMBER(SEARCH("lebih user friendly",V9&" "))),"Desain, Warna & Font",IF(OR(ISNUMBER(SEARCH("perbanyak",V9&" ")),ISNUMBER(SEARCH("jabarkan",V9&" ")),ISNUMBER(SEARCH("jobdesk",V9&" ")),ISNUMBER(SEARCH("pengajuan",V9&" ")),ISNUMBER(SEARCH("informasi",V9&" "))),"Penambahan Isi / Penjelasan",IF(OR(ISNUMBER(SEARCH("tingkat",V9&" ")),ISNUMBER(SEARCH("kembang",V9&" ")),ISNUMBER(SEARCH("lebih baik lagi",V9&" ")),ISNUMBER(SEARCH("maksimal",V9&" ")),ISNUMBER(SEARCH("penikatan",V9&" "))),"Saran Umum Peningkatan",IF(OR(ISNUMBER(SEARCH("tidak",V9&" ")),ISNUMBER(SEARCH("tdk",V9&" ")),ISNUMBER(SEARCH("sudah",V9&" ")),ISNUMBER(SEARCH("sdh",V9&" ")),ISNUMBER(SEARCH("cukup",V9&" ")),ISNUMBER(SEARCH("baik",V9&" ")),ISNUMBER(SEARCH("bagus",V9&" ")),ISNUMBER(SEARCH("ok",V9&" ")),ISNUMBER(SEARCH("good",V9&" ")),ISNUMBER(SEARCH("aman",V9&" ")),ISNUMBER(SEARCH("lanjut",V9&" ")),ISNUMBER(SEARCH("mantap",V9&" ")),ISNUMBER(SEARCH("josjis",V9&" ")),ISNUMBER(SEARCH("lumayan",V9&" ")),ISNUMBER(SEARCH("mudah",V9&" ")),ISNUMBER(SEARCH("belum",V9&" ")),ISNUMBER(SEARCH("membantu",V9&" ")),ISNUMBER(SEARCH("comment",V9&" ")),ISNUMBER(SEARCH("lengkap",V9&" ")),ISNUMBER(SEARCH("tercakup",V9&" ")),ISNUMBER(SEARCH("mencakup",V9&" ")),ISNUMBER(SEARCH("semua",V9&" ")),ISNUMBER(SEARCH("penting",V9&" ")),ISNUMBER(SEARCH("terangkum",V9&" ")),ISNUMBER(SEARCH("pas",V9&" ")),ISNUMBER(SEARCH("berjalan",V9&" ")),ISNUMBER(SEARCH("sesuai",V9&" "))),"Tidak ada masukan / sudah baik","Lainnya (perlu dibaca manual)")))))))))))))) -> Saran Umum Peningkatan | AA9: =IF($A9="","",IF(LEN(SUBSTITUTE(SUBSTITUTE(SUBSTITUTE(W9,"-",""),".",""),"?",""))<2,"Tidak ada masukan / sudah baik",IF(OR(ISNUMBER(SEARCH("tampilan",W9&" ")),ISNUMBER(SEARCH("lemot",W9&" "))),"Bukan Terkait SOP (Tampilan / Akses)",IF(OR(ISNUMBER(SEARCH("sanksi",W9&" ")),ISNUMBER(SEARCH("pelanggaran",W9&" ")),ISNUMBER(SEARCH("larangan",W9&" ")),ISNUMBER(SEARCH("rekening pribadi",W9&" "))),"Sanksi & Pelanggaran SOP",IF(OR(ISNUMBER(SEARCH("npl",W9&" ")),ISNUMBER(SEARCH("piutang",W9&" ")),ISNUMBER(SEARCH("rekon",W9&" ")),ISNUMBER(SEARCH("overdue",W9&" ")),ISNUMBER(SEARCH("restruk",W9&" ")),ISNUMBER(SEARCH("tempo",W9&" "))),"Piutang & Pelanggan Bermasalah",IF(OR(ISNUMBER(SEARCH("kiriman",W9&" ")),ISNUMBER(SEARCH("pengiriman",W9&" ")),ISNUMBER(SEARCH("retur",W9&" ")),ISNUMBER(SEARCH("barang",W9&" "))),"Pengiriman, Retur & Logistik",IF(OR(ISNUMBER(SEARCH("contact",W9&" ")),ISNUMBER(SEARCH("kontak",W9&" ")),ISNUMBER(SEARCH("pic",W9&" ")),ISNUMBER(SEARCH("berwenang",W9&" ")),ISNUMBER(SEARCH("follow up",W9&" ")),ISNUMBER(SEARCH("eskalasi",W9&" "))),"Kontak PIC & Eskalasi",IF(OR(ISNUMBER(SEARCH("laporan evaluasi",W9&" ")),ISNUMBER(SEARCH("aplikasi cp",W9&" ")),ISNUMBER(SEARCH("flowchart",W9&" ")),ISNUMBER(SEARCH("acuan",W9&" ")),ISNUMBER(SEARCH("poa",W9&" ")),ISNUMBER(SEARCH("aktifitas",W9&" ")),ISNUMBER(SEARCH("aktivitas",W9&" "))),"Panduan Laporan & Alur Kerja",IF(OR(ISNUMBER(SEARCH("notifikasi",W9&" ")),ISNUMBER(SEARCH("pembaruan",W9&" ")),ISNUMBER(SEARCH("perubahan",W9&" ")),ISNUMBER(SEARCH("update",W9&" "))),"Pembaruan & Notifikasi SOP",IF(OR(ISNUMBER(SEARCH("tidak",W9&" ")),ISNUMBER(SEARCH("tdk",W9&" ")),ISNUMBER(SEARCH("sudah",W9&" ")),ISNUMBER(SEARCH("sdh",W9&" ")),ISNUMBER(SEARCH("cukup",W9&" ")),ISNUMBER(SEARCH("baik",W9&" ")),ISNUMBER(SEARCH("bagus",W9&" ")),ISNUMBER(SEARCH("ok",W9&" ")),ISNUMBER(SEARCH("good",W9&" ")),ISNUMBER(SEARCH("aman",W9&" ")),ISNUMBER(SEARCH("lanjut",W9&" ")),ISNUMBER(SEARCH("mantap",W9&" ")),ISNUMBER(SEARCH("josjis",W9&" ")),ISNUMBER(SEARCH("lumayan",W9&" ")),ISNUMBER(SEARCH("mudah",W9&" ")),ISNUMBER(SEARCH("belum",W9&" ")),ISNUMBER(SEARCH("membantu",W9&" ")),ISNUMBER(SEARCH("comment",W9&" ")),ISNUMBER(SEARCH("lengkap",W9&" ")),ISNUMBER(SEARCH("tercakup",W9&" ")),ISNUMBER(SEARCH("mencakup",W9&" ")),ISNUMBER(SEARCH("semua",W9&" ")),ISNUMBER(SEARCH("penting",W9&" ")),ISNUMBER(SEARCH("terangkum",W9&" ")),ISNUMBER(SEARCH("pas",W9&" ")),ISNUMBER(SEARCH("berjalan",W9&" ")),ISNUMBER(SEARCH("sesuai",W9&" "))),"Tidak ada masukan / sudah baik","Lainnya (perlu dibaca manual)")))))))))) -> Tidak ada masukan / sudah baik | AB9: =IF($A9="","",IF(LEN(SUBSTITUTE(SUBSTITUTE(SUBSTITUTE(X9,"-",""),".",""),"?",""))<2,"Tidak ada masukan / sudah baik",IF(OR(ISNUMBER(SEARCH("urgent",X9&" "))),"Lainnya (perlu dibaca manual)",IF(OR(ISNUMBER(SEARCH("struktur organisasi",X9&" ")),ISNUMBER(SEARCH("pic",X9&" ")),ISNUMBER(SEARCH("cp",X9&" ")),ISNUMBER(SEARCH("personil",X9&" ")),ISNUMBER(SEARCH("sales",X9&" ")),ISNUMBER(SEARCH("muka",X9&" ")),ISNUMBER(SEARCH("eskalasi",X9&" "))),"Struktur Organisasi, PIC & Tim",IF(OR(ISNUMBER(SEARCH("lemot",X9&" ")),ISNUMBER(SEARCH("lambat",X9&" ")),ISNUMBER(SEARCH("memuat",X9&" ")),ISNUMBER(SEARCH("koneksi",X9&" "))),"Kecepatan Akses Website",IF(OR(ISNUMBER(SEARCH("sacs",X9&" ")),ISNUMBER(SEARCH("aplikasi",X9&" "))),"Integrasi ke SACS / Aplikasi Kerja",IF(OR(ISNUMBER(SEARCH("dashboard",X9&" ")),ISNUMBER(SEARCH("kpi",X9&" ")),ISNUMBER(SEARCH("database",X9&" ")),ISNUMBER(SEARCH("kinerja",X9&" ")),ISNUMBER(SEARCH("seluruh cabang",X9&" "))),"Fitur Baru (Dashboard / KPI / Database)",IF(OR(ISNUMBER(SEARCH("video",X9&" ")),ISNUMBER(SEARCH("gambar",X9&" ")),ISNUMBER(SEARCH("jpg",X9&" ")),ISNUMBER(SEARCH("flowchart",X9&" ")),ISNUMBER(SEARCH("tutorial",X9&" "))),"Tambah Video / Gambar / Flowchart",IF(OR(ISNUMBER(SEARCH("template",X9&" ")),ISNUMBER(SEARCH("surat",X9&" ")),ISNUMBER(SEARCH("korin",X9&" ")),ISNUMBER(SEARCH("overdue",X9&" ")),ISNUMBER(SEARCH("restruk",X9&" ")),ISNUMBER(SEARCH("tempo",X9&" ")),ISNUMBER(SEARCH("larangan",X9&" ")),ISNUMBER(SEARCH("posisi lain",X9&" ")),ISNUMBER(SEARCH("jobdesk",X9&" ")),ISNUMBER(SEARCH("jobdisk",X9&" ")),ISNUMBER(SEARCH("langkah",X9&" ")),ISNUMBER(SEARCH("detail",X9&" ")),ISNUMBER(SEARCH("panduan",X9&" ")),ISNUMBER(SEARCH("lengkap lagi",X9&" ")),ISNUMBER(SEARCH("tips",X9&" "))),"Penambahan Materi & Template",IF(OR(ISNUMBER(SEARCH("simpel",X9&" ")),ISNUMBER(SEARCH("simple",X9&" ")),ISNUMBER(SEARCH("ringkas",X9&" ")),ISNUMBER(SEARCH("monoton",X9&" ")),ISNUMBER(SEARCH("penataan",X9&" "))),"Penyederhanaan Isi",IF(OR(ISNUMBER(SEARCH("menarik",X9&" ")),ISNUMBER(SEARCH("design",X9&" ")),ISNUMBER(SEARCH("desain",X9&" ")),ISNUMBER(SEARCH("tampilan",X9&" ")),ISNUMBER(SEARCH("kaku",X9&" ")),ISNUMBER(SEARCH("user friendly",X9&" "))),"Desain Tampilan",IF(OR(ISNUMBER(SEARCH("update",X9&" ")),ISNUMBER(SEARCH("terbaru",X9&" ")),ISNUMBER(SEARCH("terkini",X9&" ")),ISNUMBER(SEARCH("uptodate",X9&" "))),"Update Informasi Berkala",IF(OR(ISNUMBER(SEARCH("tingkat",X9&" ")),ISNUMBER(SEARCH("kembang",X9&" ")),ISNUMBER(SEARCH("inovasi",X9&" ")),ISNUMBER(SEARCH("maintenance",X9&" "))),"Saran Umum Peningkatan",IF(OR(ISNUMBER(SEARCH("tidak",X9&" ")),ISNUMBER(SEARCH("tdk",X9&" ")),ISNUMBER(SEARCH("sudah",X9&" ")),ISNUMBER(SEARCH("sdh",X9&" ")),ISNUMBER(SEARCH("cukup",X9&" ")),ISNUMBER(SEARCH("baik",X9&" ")),ISNUMBER(SEARCH("bagus",X9&" ")),ISNUMBER(SEARCH("ok",X9&" ")),ISNUMBER(SEARCH("good",X9&" ")),ISNUMBER(SEARCH("aman",X9&" ")),ISNUMBER(SEARCH("lanjut",X9&" ")),ISNUMBER(SEARCH("mantap",X9&" ")),ISNUMBER(SEARCH("josjis",X9&" ")),ISNUMBER(SEARCH("lumayan",X9&" ")),ISNUMBER(SEARCH("mudah",X9&" ")),ISNUMBER(SEARCH("belum",X9&" ")),ISNUMBER(SEARCH("membantu",X9&" ")),ISNUMBER(SEARCH("comment",X9&" ")),ISNUMBER(SEARCH("lengkap",X9&" ")),ISNUMBER(SEARCH("tercakup",X9&" ")),ISNUMBER(SEARCH("mencakup",X9&" ")),ISNUMBER(SEARCH("semua",X9&" ")),ISNUMBER(SEARCH("penting",X9&" ")),ISNUMBER(SEARCH("terangkum",X9&" ")),ISNUMBER(SEARCH("pas",X9&" ")),ISNUMBER(SEARCH("berjalan",X9&" ")),ISNUMBER(SEARCH("sesuai",X9&" "))),"Tidak ada masukan / sudah baik","Lainnya (perlu dibaca manual)")))))))))))))) -> Tidak ada masukan / sudah baik | AH9: MUDAH | AI9: 3 | AK9: =IF($A9="","",IF(OR($Z9="Kecepatan & Loading Website",$AB9="Kecepatan Akses Website",AND($AA9="Bukan Terkait SOP (Tampilan / Akses)",OR(ISNUMBER(SEARCH("lemot",$W9)),ISNUMBER(SEARCH("loading",$W9)),ISNUMBER(SEARCH("lambat",$W9))))),1,0)) -> 0 | AL9: =IF($A9="","",IF(OR($Z9="Tampilan di HP (Responsif)"),1,0)) -> 0 | AM9: =IF($A9="","",IF(OR($Z9="Desain, Warna & Font",$AB9="Desain Tampilan",AND($AA9="Bukan Terkait SOP (Tampilan / Akses)",NOT(OR(ISNUMBER(SEARCH("lemot",$W9)),ISNUMBER(SEARCH("loading",$W9)),ISNUMBER(SEARCH("lambat",$W9)))))),1,0)) -> 0 | AN9: =IF($A9="","",IF(OR($Z9="Menu per Jabatan / Navigasi"),1,0)) -> 0 | AO9: =IF($A9="","",IF(OR($Z9="Integrasi dengan SACS / Aplikasi",$AB9="Integrasi ke SACS / Aplikasi Kerja"),1,0)) -> 0 | AP9: =IF($A9="","",IF(OR($AB9="Fitur Baru (Dashboard / KPI / Database)"),1,0)) -> 0 | AQ9: =IF($A9="","",IF(OR($Z9="Penyederhanaan & Ringkas Isi",$AB9="Penyederhanaan Isi"),1,0)) -> 0 | AR9: =IF($A9="","",IF(OR($Z9="Penambahan Isi / Penjelasan",$AB9="Penambahan Materi & Template"),1,0)) -> 0 | AS9: =IF($A9="","",IF(OR($Z9="Tambah Video / Bagan",$AB9="Tambah Video / Gambar / Flowchart"),1,0)) -> 0 | AT9: =IF($A9="","",IF(OR($Z9="Kontak & Informasi PIC",$AA9="Kontak PIC & Eskalasi",$AB9="Struktur Organisasi, PIC & Tim"),1,0)) -> 0 | AU9: =IF($A9="","",IF(OR($AA9="Pembaruan & Notifikasi SOP",$AB9="Update Informasi Berkala"),1,0)) -> 0 | AV9: =IF($A9="","",IF(OR($AA9="Sanksi & Pelanggaran SOP"),1,0)) -> 0 | AW9: =IF($A9="","",IF(OR($AA9="Piutang & Pelanggan Bermasalah"),1,0)) -> 0 | AX9: =IF($A9="","",IF(OR($AA9="Pengiriman, Retur & Logistik"),1,0)) -> 0 | AY9: =IF($A9="","",IF(OR($AA9="Panduan Laporan & Alur Kerja"),1,0)) -> 0 | AZ9: =IF($A9="","",IF(OR($Z9="Saran Umum Peningkatan",$AB9="Saran Umum Peningkatan"),1,0)) -> 1 | BA9: =IF($A9="","",IF(OR($Z9="Lainnya (perlu dibaca manual)",$AA9="Lainnya (perlu dibaca manual)",$AB9="Lainnya (perlu dibaca manual)"),1,0)) -> 0 | BB9: =IF($A9="","",IF(AND($Z9="Tidak ada masukan / sudah baik",$AA9="Tidak ada masukan / sudah baik",$AB9="Tidak ada masukan / sudah baik"),0,1)) -> 1
A10: =IF(INDEX(FORM!$A:$A,ROW())="","",ROW()-1) -> 9 | B10: =IF($A10="","",INDEX(FORM!$A:$A,ROW())) -> 46308.381 | C10: =IF($A10="","",TRIM(INDEX(FORM!$B:$B,ROW()))) -> ADIMAS RULIYANSYAH | D10: =IF($A10="","",TRIM(INDEX(FORM!$C:$C,ROW())&"")) -> 1510867 | E10: =IF($A10="","",UPPER(TRIM(INDEX(FORM!$D:$D,ROW())))) -> SRAGEN | F10: =IF($A10="","",IFERROR(INDEX(PROGRES!$A$2:$A$92,MATCH(E10,PROGRES!$B$2:$B$92,0)),"-")) -> Jawa Tengah | G10: =IF($A10="","",UPPER(TRIM(INDEX(FORM!$F:$F,ROW())))) -> JATENG DIY | H10: =IF($A10="","",UPPER(TRIM(INDEX(FORM!$E:$E,ROW())))) -> CRO | I10: =IF($A10="","",UPPER(TRIM(INDEX(FORM!$G:$G,ROW())))) -> CUKUP | J10: =IF($A10="","",IF(ISNUMBER(SEARCH("Ya,",INDEX(FORM!$H:$H,ROW()))),"YA",IF(ISNUMBER(SEARCH("Cukup,",INDEX(FORM!$H:$H,ROW()))),"CUKUP",IF(ISNUMBER(SEARCH("Kurang,",INDEX(FORM!$H:$H,ROW()))),"KURANG","")))) -> CUKUP | K10: =IF($A10="","",UPPER(TRIM(INDEX(FORM!$J:$J,ROW())))) -> CUKUP | L10: =IF($A10="","",IF(ISNUMBER(SEARCH("Aktivitas Harian",INDEX(FORM!$K:$K,ROW()))),1,0)) -> 1 | M10: =IF($A10="","",IF(ISNUMBER(SEARCH("Aktivitas Mingguan",INDEX(FORM!$K:$K,ROW()))),1,0)) -> 0 | N10: =IF($A10="","",IF(ISNUMBER(SEARCH("Aktivitas Bulanan",INDEX(FORM!$K:$K,ROW()))),1,0)) -> 0 | O10: =IF($A10="","",IF(ISNUMBER(SEARCH("Overview Cabang",INDEX(FORM!$K:$K,ROW()))),1,0)) -> 0 | P10: =IF($A10="","",IFERROR(VLOOKUP(I10,DATA!$AH$9:$AI$13,2,0),"")) -> 2 | Q10: =IF($A10="","",IFERROR(VLOOKUP(J10,DATA!$AH$9:$AI$13,2,0),"")) -> 2 | R10: =IF($A10="","",IFERROR(VLOOKUP(K10,DATA!$AH$9:$AI$13,2,0),"")) -> 2 | S10: =IF($A10="","",IFERROR(AVERAGE(P10:R10),"")) -> 2 | T10: =IF($A10="","",IF(COUNTIF($D$2:D10,D10)=1,1,0)) -> 1 | U10: =IF($A10="","",IF(F10="-","Cabang tdk ada",IF(IFERROR(VLOOKUP(G10,#REF!,1,0),"")="","",IF(INDEX(DATA!$AH$2:$AH$5,MATCH(G10,DATA!$AI$2:$AI$5,0))<>F10,"Wilayah beda","OK")))) | V10: =IF($A10="","",TRIM(INDEX(FORM!$I:$I,ROW())&"")) -> Tampilan dibuat lebih baik lagi | W10: =IF($A10="","",TRIM(INDEX(FORM!$L:$L,ROW())&"")) -> Sudah baik | X10: =IF($A10="","",TRIM(INDEX(FORM!$M:$M,ROW())&"")) -> Sudah bagus, di buat tampilan lagi yang lebih menarik | Y10: =IF($A10="","",IFERROR(MATCH(F10,DATA!$AH$2:$AH$5,0),9)*10000+A10) -> 20009 | Z10: =IF($A10="","",IF(LEN(SUBSTITUTE(SUBSTITUTE(SUBSTITUTE(V10,"-",""),".",""),"?",""))<2,"Tidak ada masukan / sudah baik",IF(OR(ISNUMBER(SEARCH("memang harus",V10&" "))),"Tidak ada masukan / sudah baik",IF(OR(ISNUMBER(SEARCH("lemot",V10&" ")),ISNUMBER(SEARCH("loading",V10&" ")),ISNUMBER(SEARCH("lambat",V10&" ")),ISNUMBER(SEARCH("kecepatan",V10&" ")),ISNUMBER(SEARCH("koneksi",V10&" ")),ISNUMBER(SEARCH("eroro",V10&" ")),ISNUMBER(SEARCH("error",V10&" ")),ISNUMBER(SEARCH("ketutup",V10&" "))),"Kecepatan & Loading Website",IF(OR(ISNUMBER(SEARCH("kontak",V10&" ")),ISNUMBER(SEARCH("pic",V10&" ")),ISNUMBER(SEARCH("darurat",V10&" "))),"Kontak & Informasi PIC",IF(OR(ISNUMBER(SEARCH("sacs",V10&" ")),ISNUMBER(SEARCH("aplikasi",V10&" ")),ISNUMBER(SEARCH("kinerja",V10&" ")),ISNUMBER(SEARCH("seluruh cabang",V10&" "))),"Integrasi dengan SACS / Aplikasi",IF(OR(ISNUMBER(SEARCH("mobile",V10&" ")),ISNUMBER(SEARCH("lebih responsif",V10&" ")),ISNUMBER(SEARCH("scroll",V10&" ")),ISNUMBER(SEARCH("melebar",V10&" "))),"Tampilan di HP (Responsif)",IF(OR(ISNUMBER(SEARCH("simpel",V10&" ")),ISNUMBER(SEARCH("simple",V10&" ")),ISNUMBER(SEARCH("sederhana",V10&" ")),ISNUMBER(SEARCH("ringkas",V10&" ")),ISNUMBER(SEARCH("intinya",V10&" ")),ISNUMBER(SEARCH("panjang lebar",V10&" ")),ISNUMBER(SEARCH("mudah dipahami lagi",V10&" ")),ISNUMBER(SEARCH("tata letak",V10&" ")),ISNUMBER(SEARCH("harus mencari",V10&" "))),"Penyederhanaan & Ringkas Isi",IF(OR(ISNUMBER(SEARCH("menu ",V10&" ")),ISNUMBER(SEARCH("tiap posisi",V10&" ")),ISNUMBER(SEARCH("pilihan antara",V10&" "))),"Menu per Jabatan / Navigasi",IF(OR(ISNUMBER(SEARCH("video",V10&" ")),ISNUMBER(SEARCH("vidio",V10&" ")),ISNUMBER(SEARCH("bagan",V10&" ")),ISNUMBER(SEARCH("gambar",V10&" ")),ISNUMBER(SEARCH("qna",V10&" "))),"Tambah Video / Bagan",IF(OR(ISNUMBER(SEARCH("menarik",V10&" ")),ISNUMBER(SEARCH("design",V10&" ")),ISNUMBER(SEARCH("desain",V10&" ")),ISNUMBER(SEARCH("font",V10&" ")),ISNUMBER(SEARCH("warna",V10&" ")),ISNUMBER(SEARCH("soft",V10&" ")),ISNUMBER(SEARCH("kaku",V10&" ")),ISNUMBER(SEARCH("elegan",V10&" ")),ISNUMBER(SEARCH("grafis",V10&" ")),ISNUMBER(SEARCH("visual",V10&" ")),ISNUMBER(SEARCH("logo",V10&" ")),ISNUMBER(SEARCH("jenuh",V10&" ")),ISNUMBER(SEARCH("abu",V10&" ")),ISNUMBER(SEARCH("tampilannya",V10&" ")),ISNUMBER(SEARCH("tampilan dibuat",V10&" ")),ISNUMBER(SEARCH("tamoilan",V10&" ")),ISNUMBER(SEARCH("lebih user friendly",V10&" "))),"Desain, Warna & Font",IF(OR(ISNUMBER(SEARCH("perbanyak",V10&" ")),ISNUMBER(SEARCH("jabarkan",V10&" ")),ISNUMBER(SEARCH("jobdesk",V10&" ")),ISNUMBER(SEARCH("pengajuan",V10&" ")),ISNUMBER(SEARCH("informasi",V10&" "))),"Penambahan Isi / Penjelasan",IF(OR(ISNUMBER(SEARCH("tingkat",V10&" ")),ISNUMBER(SEARCH("kembang",V10&" ")),ISNUMBER(SEARCH("lebih baik lagi",V10&" ")),ISNUMBER(SEARCH("maksimal",V10&" ")),ISNUMBER(SEARCH("penikatan",V10&" "))),"Saran Umum Peningkatan",IF(OR(ISNUMBER(SEARCH("tidak",V10&" ")),ISNUMBER(SEARCH("tdk",V10&" ")),ISNUMBER(SEARCH("sudah",V10&" ")),ISNUMBER(SEARCH("sdh",V10&" ")),ISNUMBER(SEARCH("cukup",V10&" ")),ISNUMBER(SEARCH("baik",V10&" ")),ISNUMBER(SEARCH("bagus",V10&" ")),ISNUMBER(SEARCH("ok",V10&" ")),ISNUMBER(SEARCH("good",V10&" ")),ISNUMBER(SEARCH("aman",V10&" ")),ISNUMBER(SEARCH("lanjut",V10&" ")),ISNUMBER(SEARCH("mantap",V10&" ")),ISNUMBER(SEARCH("josjis",V10&" ")),ISNUMBER(SEARCH("lumayan",V10&" ")),ISNUMBER(SEARCH("mudah",V10&" ")),ISNUMBER(SEARCH("belum",V10&" ")),ISNUMBER(SEARCH("membantu",V10&" ")),ISNUMBER(SEARCH("comment",V10&" ")),ISNUMBER(SEARCH("lengkap",V10&" ")),ISNUMBER(SEARCH("tercakup",V10&" ")),ISNUMBER(SEARCH("mencakup",V10&" ")),ISNUMBER(SEARCH("semua",V10&" ")),ISNUMBER(SEARCH("penting",V10&" ")),ISNUMBER(SEARCH("terangkum",V10&" ")),ISNUMBER(SEARCH("pas",V10&" ")),ISNUMBER(SEARCH("berjalan",V10&" ")),ISNUMBER(SEARCH("sesuai",V10&" "))),"Tidak ada masukan / sudah baik","Lainnya (perlu dibaca manual)")))))))))))))) -> Desain, Warna & Font | AA10: =IF($A10="","",IF(LEN(SUBSTITUTE(SUBSTITUTE(SUBSTITUTE(W10,"-",""),".",""),"?",""))<2,"Tidak ada masukan / sudah baik",IF(OR(ISNUMBER(SEARCH("tampilan",W10&" ")),ISNUMBER(SEARCH("lemot",W10&" "))),"Bukan Terkait SOP (Tampilan / Akses)",IF(OR(ISNUMBER(SEARCH("sanksi",W10&" ")),ISNUMBER(SEARCH("pelanggaran",W10&" ")),ISNUMBER(SEARCH("larangan",W10&" ")),ISNUMBER(SEARCH("rekening pribadi",W10&" "))),"Sanksi & Pelanggaran SOP",IF(OR(ISNUMBER(SEARCH("npl",W10&" ")),ISNUMBER(SEARCH("piutang",W10&" ")),ISNUMBER(SEARCH("rekon",W10&" ")),ISNUMBER(SEARCH("overdue",W10&" ")),ISNUMBER(SEARCH("restruk",W10&" ")),ISNUMBER(SEARCH("tempo",W10&" "))),"Piutang & Pelanggan Bermasalah",IF(OR(ISNUMBER(SEARCH("kiriman",W10&" ")),ISNUMBER(SEARCH("pengiriman",W10&" ")),ISNUMBER(SEARCH("retur",W10&" ")),ISNUMBER(SEARCH("barang",W10&" "))),"Pengiriman, Retur & Logistik",IF(OR(ISNUMBER(SEARCH("contact",W10&" ")),ISNUMBER(SEARCH("kontak",W10&" ")),ISNUMBER(SEARCH("pic",W10&" ")),ISNUMBER(SEARCH("berwenang",W10&" ")),ISNUMBER(SEARCH("follow up",W10&" ")),ISNUMBER(SEARCH("eskalasi",W10&" "))),"Kontak PIC & Eskalasi",IF(OR(ISNUMBER(SEARCH("laporan evaluasi",W10&" ")),ISNUMBER(SEARCH("aplikasi cp",W10&" ")),ISNUMBER(SEARCH("flowchart",W10&" ")),ISNUMBER(SEARCH("acuan",W10&" ")),ISNUMBER(SEARCH("poa",W10&" ")),ISNUMBER(SEARCH("aktifitas",W10&" ")),ISNUMBER(SEARCH("aktivitas",W10&" "))),"Panduan Laporan & Alur Kerja",IF(OR(ISNUMBER(SEARCH("notifikasi",W10&" ")),ISNUMBER(SEARCH("pembaruan",W10&" ")),ISNUMBER(SEARCH("perubahan",W10&" ")),ISNUMBER(SEARCH("update",W10&" "))),"Pembaruan & Notifikasi SOP",IF(OR(ISNUMBER(SEARCH("tidak",W10&" ")),ISNUMBER(SEARCH("tdk",W10&" ")),ISNUMBER(SEARCH("sudah",W10&" ")),ISNUMBER(SEARCH("sdh",W10&" ")),ISNUMBER(SEARCH("cukup",W10&" ")),ISNUMBER(SEARCH("baik",W10&" ")),ISNUMBER(SEARCH("bagus",W10&" ")),ISNUMBER(SEARCH("ok",W10&" ")),ISNUMBER(SEARCH("good",W10&" ")),ISNUMBER(SEARCH("aman",W10&" ")),ISNUMBER(SEARCH("lanjut",W10&" ")),ISNUMBER(SEARCH("mantap",W10&" ")),ISNUMBER(SEARCH("josjis",W10&" ")),ISNUMBER(SEARCH("lumayan",W10&" ")),ISNUMBER(SEARCH("mudah",W10&" ")),ISNUMBER(SEARCH("belum",W10&" ")),ISNUMBER(SEARCH("membantu",W10&" ")),ISNUMBER(SEARCH("comment",W10&" ")),ISNUMBER(SEARCH("lengkap",W10&" ")),ISNUMBER(SEARCH("tercakup",W10&" ")),ISNUMBER(SEARCH("mencakup",W10&" ")),ISNUMBER(SEARCH("semua",W10&" ")),ISNUMBER(SEARCH("penting",W10&" ")),ISNUMBER(SEARCH("terangkum",W10&" ")),ISNUMBER(SEARCH("pas",W10&" ")),ISNUMBER(SEARCH("berjalan",W10&" ")),ISNUMBER(SEARCH("sesuai",W10&" "))),"Tidak ada masukan / sudah baik","Lainnya (perlu dibaca manual)")))))))))) -> Tidak ada masukan / sudah baik | AB10: =IF($A10="","",IF(LEN(SUBSTITUTE(SUBSTITUTE(SUBSTITUTE(X10,"-",""),".",""),"?",""))<2,"Tidak ada masukan / sudah baik",IF(OR(ISNUMBER(SEARCH("urgent",X10&" "))),"Lainnya (perlu dibaca manual)",IF(OR(ISNUMBER(SEARCH("struktur organisasi",X10&" ")),ISNUMBER(SEARCH("pic",X10&" ")),ISNUMBER(SEARCH("cp",X10&" ")),ISNUMBER(SEARCH("personil",X10&" ")),ISNUMBER(SEARCH("sales",X10&" ")),ISNUMBER(SEARCH("muka",X10&" ")),ISNUMBER(SEARCH("eskalasi",X10&" "))),"Struktur Organisasi, PIC & Tim",IF(OR(ISNUMBER(SEARCH("lemot",X10&" ")),ISNUMBER(SEARCH("lambat",X10&" ")),ISNUMBER(SEARCH("memuat",X10&" ")),ISNUMBER(SEARCH("koneksi",X10&" "))),"Kecepatan Akses Website",IF(OR(ISNUMBER(SEARCH("sacs",X10&" ")),ISNUMBER(SEARCH("aplikasi",X10&" "))),"Integrasi ke SACS / Aplikasi Kerja",IF(OR(ISNUMBER(SEARCH("dashboard",X10&" ")),ISNUMBER(SEARCH("kpi",X10&" ")),ISNUMBER(SEARCH("database",X10&" ")),ISNUMBER(SEARCH("kinerja",X10&" ")),ISNUMBER(SEARCH("seluruh cabang",X10&" "))),"Fitur Baru (Dashboard / KPI / Database)",IF(OR(ISNUMBER(SEARCH("video",X10&" ")),ISNUMBER(SEARCH("gambar",X10&" ")),ISNUMBER(SEARCH("jpg",X10&" ")),ISNUMBER(SEARCH("flowchart",X10&" ")),ISNUMBER(SEARCH("tutorial",X10&" "))),"Tambah Video / Gambar / Flowchart",IF(OR(ISNUMBER(SEARCH("template",X10&" ")),ISNUMBER(SEARCH("surat",X10&" ")),ISNUMBER(SEARCH("korin",X10&" ")),ISNUMBER(SEARCH("overdue",X10&" ")),ISNUMBER(SEARCH("restruk",X10&" ")),ISNUMBER(SEARCH("tempo",X10&" ")),ISNUMBER(SEARCH("larangan",X10&" ")),ISNUMBER(SEARCH("posisi lain",X10&" ")),ISNUMBER(SEARCH("jobdesk",X10&" ")),ISNUMBER(SEARCH("jobdisk",X10&" ")),ISNUMBER(SEARCH("langkah",X10&" ")),ISNUMBER(SEARCH("detail",X10&" ")),ISNUMBER(SEARCH("panduan",X10&" ")),ISNUMBER(SEARCH("lengkap lagi",X10&" ")),ISNUMBER(SEARCH("tips",X10&" "))),"Penambahan Materi & Template",IF(OR(ISNUMBER(SEARCH("simpel",X10&" ")),ISNUMBER(SEARCH("simple",X10&" ")),ISNUMBER(SEARCH("ringkas",X10&" ")),ISNUMBER(SEARCH("monoton",X10&" ")),ISNUMBER(SEARCH("penataan",X10&" "))),"Penyederhanaan Isi",IF(OR(ISNUMBER(SEARCH("menarik",X10&" ")),ISNUMBER(SEARCH("design",X10&" ")),ISNUMBER(SEARCH("desain",X10&" ")),ISNUMBER(SEARCH("tampilan",X10&" ")),ISNUMBER(SEARCH("kaku",X10&" ")),ISNUMBER(SEARCH("user friendly",X10&" "))),"Desain Tampilan",IF(OR(ISNUMBER(SEARCH("update",X10&" ")),ISNUMBER(SEARCH("terbaru",X10&" ")),ISNUMBER(SEARCH("terkini",X10&" ")),ISNUMBER(SEARCH("uptodate",X10&" "))),"Update Informasi Berkala",IF(OR(ISNUMBER(SEARCH("tingkat",X10&" ")),ISNUMBER(SEARCH("kembang",X10&" ")),ISNUMBER(SEARCH("inovasi",X10&" ")),ISNUMBER(SEARCH("maintenance",X10&" "))),"Saran Umum Peningkatan",IF(OR(ISNUMBER(SEARCH("tidak",X10&" ")),ISNUMBER(SEARCH("tdk",X10&" ")),ISNUMBER(SEARCH("sudah",X10&" ")),ISNUMBER(SEARCH("sdh",X10&" ")),ISNUMBER(SEARCH("cukup",X10&" ")),ISNUMBER(SEARCH("baik",X10&" ")),ISNUMBER(SEARCH("bagus",X10&" ")),ISNUMBER(SEARCH("ok",X10&" ")),ISNUMBER(SEARCH("good",X10&" ")),ISNUMBER(SEARCH("aman",X10&" ")),ISNUMBER(SEARCH("lanjut",X10&" ")),ISNUMBER(SEARCH("mantap",X10&" ")),ISNUMBER(SEARCH("josjis",X10&" ")),ISNUMBER(SEARCH("lumayan",X10&" ")),ISNUMBER(SEARCH("mudah",X10&" ")),ISNUMBER(SEARCH("belum",X10&" ")),ISNUMBER(SEARCH("membantu",X10&" ")),ISNUMBER(SEARCH("comment",X10&" ")),ISNUMBER(SEARCH("lengkap",X10&" ")),ISNUMBER(SEARCH("tercakup",X10&" ")),ISNUMBER(SEARCH("mencakup",X10&" ")),ISNUMBER(SEARCH("semua",X10&" ")),ISNUMBER(SEARCH("penting",X10&" ")),ISNUMBER(SEARCH("terangkum",X10&" ")),ISNUMBER(SEARCH("pas",X10&" ")),ISNUMBER(SEARCH("berjalan",X10&" ")),ISNUMBER(SEARCH("sesuai",X10&" "))),"Tidak ada masukan / sudah baik","Lainnya (perlu dibaca manual)")))))))))))))) -> Desain Tampilan | AH10: YA | AI10: 3 | AK10: =IF($A10="","",IF(OR($Z10="Kecepatan & Loading Website",$AB10="Kecepatan Akses Website",AND($AA10="Bukan Terkait SOP (Tampilan / Akses)",OR(ISNUMBER(SEARCH("lemot",$W10)),ISNUMBER(SEARCH("loading",$W10)),ISNUMBER(SEARCH("lambat",$W10))))),1,0)) -> 0 | AL10: =IF($A10="","",IF(OR($Z10="Tampilan di HP (Responsif)"),1,0)) -> 0 | AM10: =IF($A10="","",IF(OR($Z10="Desain, Warna & Font",$AB10="Desain Tampilan",AND($AA10="Bukan Terkait SOP (Tampilan / Akses)",NOT(OR(ISNUMBER(SEARCH("lemot",$W10)),ISNUMBER(SEARCH("loading",$W10)),ISNUMBER(SEARCH("lambat",$W10)))))),1,0)) -> 1 | AN10: =IF($A10="","",IF(OR($Z10="Menu per Jabatan / Navigasi"),1,0)) -> 0 | AO10: =IF($A10="","",IF(OR($Z10="Integrasi dengan SACS / Aplikasi",$AB10="Integrasi ke SACS / Aplikasi Kerja"),1,0)) -> 0 | AP10: =IF($A10="","",IF(OR($AB10="Fitur Baru (Dashboard / KPI / Database)"),1,0)) -> 0 | AQ10: =IF($A10="","",IF(OR($Z10="Penyederhanaan & Ringkas Isi",$AB10="Penyederhanaan Isi"),1,0)) -> 0 | AR10: =IF($A10="","",IF(OR($Z10="Penambahan Isi / Penjelasan",$AB10="Penambahan Materi & Template"),1,0)) -> 0 | AS10: =IF($A10="","",IF(OR($Z10="Tambah Video / Bagan",$AB10="Tambah Video / Gambar / Flowchart"),1,0)) -> 0 | AT10: =IF($A10="","",IF(OR($Z10="Kontak & Informasi PIC",$AA10="Kontak PIC & Eskalasi",$AB10="Struktur Organisasi, PIC & Tim"),1,0)) -> 0 | AU10: =IF($A10="","",IF(OR($AA10="Pembaruan & Notifikasi SOP",$AB10="Update Informasi Berkala"),1,0)) -> 0 | AV10: =IF($A10="","",IF(OR($AA10="Sanksi & Pelanggaran SOP"),1,0)) -> 0 | AW10: =IF($A10="","",IF(OR($AA10="Piutang & Pelanggan Bermasalah"),1,0)) -> 0 | AX10: =IF($A10="","",IF(OR($AA10="Pengiriman, Retur & Logistik"),1,0)) -> 0 | AY10: =IF($A10="","",IF(OR($AA10="Panduan Laporan & Alur Kerja"),1,0)) -> 0 | AZ10: =IF($A10="","",IF(OR($Z10="Saran Umum Peningkatan",$AB10="Saran Umum Peningkatan"),1,0)) -> 0 | BA10: =IF($A10="","",IF(OR($Z10="Lainnya (perlu dibaca manual)",$AA10="Lainnya (perlu dibaca manual)",$AB10="Lainnya (perlu dibaca manual)"),1,0)) -> 0 | BB10: =IF($A10="","",IF(AND($Z10="Tidak ada masukan / sudah baik",$AA10="Tidak ada masukan / sudah baik",$AB10="Tidak ada masukan / sudah baik"),0,1)) -> 1
